date,returns
2011-10-04,0.0
2011-10-05,0.0
2011-10-06,0.0
2011-10-07,-9.076825675937405e-05
2011-10-10,0.00018120351636169898
2011-10-11,-0.00027219279775760654
2011-10-12,0.0
2011-10-13,0.0
2011-10-14,9.104689246995015e-05
2011-10-17,9.077649638370553e-05
2011-10-18,0.0
2011-10-19,0.0
2011-10-20,-0.00018179859703200903
2011-10-21,0.00018183165377156073
2011-10-24,-0.00018179859703200903
2011-10-25,0.0
2011-10-26,0.0
2011-10-27,-9.01731219088182e-05
2011-10-28,0.0
2011-10-31,0.00018123635702688485
2011-11-01,-0.0001455569229790697
2011-11-02,0.0
2011-11-03,9.157614783885534e-05
2011-11-04,0.0001810385531734346
2011-11-07,0.0
2011-11-08,-9.050289207407819e-05
2011-11-09,-9.051108358890774e-05
2011-11-10,0.0
2011-11-11,0.0001810385531734346
2011-11-14,-0.00018100578414815638
2011-11-15,0.0
2011-11-16,0.00027164520357925105
2011-11-17,-0.00018107673836507707
2011-11-18,9.051108358890774e-05
2011-11-21,9.059025007801069e-05
2011-11-22,-0.00027157143250218263
2011-11-23,9.05192765867173e-05
2011-11-25,-0.020111523375797434
2011-11-28,0.1041996908230525
2011-11-29,0.0
2011-11-30,-0.00018207055810741672
2011-12-01,0.0002367173516178045
2011-12-02,0.0
2011-12-05,-0.00018206061692515517
2011-12-06,0.0
2011-12-07,9.104688451454143e-05
2011-12-08,9.103859573402925e-05
2011-12-09,0.0
2011-12-12,0.0
2011-12-13,8.989461363530934e-05
2011-12-14,-8.988653332012552e-05
2011-12-15,0.0
2011-12-16,0.0
2011-12-19,8.989461363530934e-05
2011-12-20,-0.00018090865938384835
2011-12-21,0.0
2011-12-22,0.0
2011-12-23,-0.00018129086962390662
2011-12-27,0.00011753273876622957
2011-12-28,0.0
2011-12-29,0.0
2011-12-30,0.0001819140556567888
2012-01-03,-0.00018188096895207996
2012-01-04,0.0
2012-01-05,0.0
2012-01-06,9.09570278283944e-05
2012-01-09,9.094875539991854e-05
2012-01-10,0.0
2012-01-11,0.0
2012-01-12,-0.00018188096895207996
2012-01-13,9.09570278283944e-05
2012-01-17,0.0
2012-01-18,0.0
2012-01-19,0.0
2012-01-20,-0.0001815480439202985
2012-01-23,9.061573963065829e-05
2012-01-24,9.09570278283944e-05
2012-01-25,9.094875539991854e-05
2012-01-26,0.0
2012-01-27,-9.094048447603998e-05
2012-01-30,-9.094875539991854e-05
2012-01-31,0.0
2012-02-01,-9.060752916238713e-05
2012-02-02,-0.0602782629482556
2012-02-03,-0.1052630727977801
2012-02-06,-0.023897147035751052
2012-02-07,0.015065978257515761
2012-02-08,0.04638212006117909
2012-02-09,0.09929082066026361
2012-02-10,0.17096774562941383
2012-02-13,0.0
2012-02-14,0.060064913620059834
2012-02-15,0.11332316951033752
2012-02-16,-9.036183535549255e-05
2012-02-17,0.0
2012-02-21,0.0
2012-02-22,0.00018161398724856557
2012-02-23,0.0
2012-02-24,0.0
2012-02-27,-0.00018158100959740398
2012-02-28,0.00018161398724856557
2012-02-29,0.0
2012-03-01,-0.00018158100959740398
2012-03-02,0.0
2012-03-05,0.00018161398724856557
2012-03-06,0.0
2012-03-07,-9.122741771881123e-05
2012-03-08,0.0
2012-03-09,9.123574091985901e-05
2012-03-12,0.0
2012-03-13,0.0
2012-03-14,0.0
2012-03-15,-9.122741771881123e-05
2012-03-16,-9.036183535549255e-05
2012-03-19,0.0
2012-03-20,0.0
2012-03-21,-0.09827760504766632
2012-03-22,0.020786509304178896
2012-03-23,0.0
2012-03-26,-9.036183535549255e-05
2012-03-27,0.19843137658045362
2012-03-28,0.01178007439708382
2012-03-29,-9.122741771881123e-05
2012-03-30,0.0
2012-04-02,9.123574091985901e-05
2012-04-03,-0.00018158100959740398
2012-04-04,0.0
2012-04-05,0.0
2012-04-09,0.0
2012-04-10,9.037000135467603e-05
2012-04-11,0.011778095016674503
2012-04-12,9.123574091985901e-05
2012-04-13,0.00018158100959740398
2012-04-16,-9.094875539991854e-05
2012-04-17,0.06803508428564826
2012-04-18,-9.060752916238713e-05
2012-04-19,0.0
2012-04-20,-9.122741771881123e-05
2012-04-23,-0.022423093915686497
2012-04-24,-0.02080378634454593
2012-04-25,0.09442536673563613
2012-04-26,0.0
2012-04-27,9.123574091985901e-05
2012-04-30,-9.122741771881123e-05
2012-05-01,9.123574091985901e-05
2012-05-02,-9.122741771881123e-05
2012-05-03,-9.036183535549255e-05
2012-05-04,0.0002722461839650057
2012-05-07,-0.010560785316558853
2012-05-08,-0.01545824759717422
2012-05-09,0.002429884300426304
2012-05-10,-0.02983372299587686
2012-05-11,-0.002114323352979329
2012-05-14,-0.02812021087150931
2012-05-15,-0.010899709402100543
2012-05-16,-0.02604674746628842
2012-05-17,-0.05266426996202399
2012-05-18,-0.040607783321824444
2012-05-21,0.08691708276565564
2012-05-22,-0.010412532898465016
2012-05-23,0.005892337608679734
2012-05-24,-0.029079616501111186
2012-05-25,-0.006033153337266401
2012-05-29,0.042271907090408914
2012-05-30,0.0
2012-05-31,-0.015690849882827203
2012-06-01,-0.08380019486984444
2012-06-04,0.006348600705938928
2012-06-05,0.02313086038866982
2012-06-06,0.07650132449319147
2012-06-07,-0.0001815480439202985
2012-06-08,9.061573963065829e-05
2012-06-11,9.09570278283944e-05
2012-06-12,0.0
2012-06-13,0.0
2012-06-14,0.0
2012-06-15,-9.094875539991854e-05
2012-06-18,-9.060752916238713e-05
2012-06-19,9.061573963065829e-05
2012-06-20,0.0
2012-06-21,9.09570278283944e-05
2012-06-22,-9.094875539991854e-05
2012-06-25,0.0
2012-06-26,-9.060752916238713e-05
2012-06-27,-9.122741771881123e-05
2012-06-28,0.0001818597479446615
2012-06-29,0.0
2012-07-02,-9.060752916238713e-05
2012-07-03,9.061573963065829e-05
2012-07-05,-9.060752916238713e-05
2012-07-06,9.061573963065829e-05
2012-07-09,0.0
2012-07-10,-9.060752916238713e-05
2012-07-11,0.0
2012-07-12,0.0
2012-07-13,0.04452553922141662
2012-07-16,-9.060752916238713e-05
2012-07-17,0.0
2012-07-18,9.061573963065829e-05
2012-07-19,-9.060752916238713e-05
2012-07-20,0.0
2012-07-23,9.061573963065829e-05
2012-07-24,0.0
2012-07-25,-9.060752916238713e-05
2012-07-26,0.047214037227123175
2012-07-27,9.061573963065829e-05
2012-07-30,-9.060752916238713e-05
2012-07-31,9.061573963065829e-05
2012-08-01,0.0
2012-08-02,9.09570278283944e-05
2012-08-03,0.0
2012-08-06,-0.0001815480439202985
2012-08-07,9.061573963065829e-05
2012-08-08,-9.060752916238713e-05
2012-08-09,0.0
2012-08-10,9.061573963065829e-05
2012-08-13,0.0
2012-08-14,0.0
2012-08-15,-9.060752916238713e-05
2012-08-16,9.061573963065829e-05
2012-08-17,0.0
2012-08-20,0.003976214535295754
2012-08-21,0.04752471023437068
2012-08-22,0.0
2012-08-23,0.00018158100959740398
2012-08-24,0.0
2012-08-27,0.0
2012-08-28,0.0
2012-08-29,-9.094875539991854e-05
2012-08-30,9.09570278283944e-05
2012-08-31,9.094875539991854e-05
2012-09-04,-8.185517190590726e-05
2012-09-05,0.0
2012-09-06,0.0
2012-09-07,0.0
2012-09-10,0.0
2012-09-11,0.0
2012-09-12,0.0
2012-09-13,9.103529496047129e-05
2012-09-14,0.0
2012-09-17,-0.0156058479801161
2012-09-18,0.0
2012-09-19,-9.102700828992225e-05
2012-09-20,0.0
2012-09-21,0.0
2012-09-24,0.0
2012-09-25,-9.094792903440558e-05
2012-09-26,0.0
2012-09-27,0.04084454891878871
2012-09-28,9.095620131254778e-05
2012-10-01,-7.286318233880331e-05
2012-10-02,9.086718398053485e-05
2012-10-03,-9.08589278856184e-05
2012-10-04,9.086718398053485e-05
2012-10-05,-9.08589278856184e-05
2012-10-08,9.086718398053485e-05
2012-10-09,0.0
2012-10-10,-0.01117309558986471
2012-10-11,-0.010388291930429464
2012-10-12,-0.0036832369803642528
2012-10-15,0.013863394147547793
2012-10-16,0.04047379360687497
2012-10-17,0.0
2012-10-18,9.086718398053485e-05
2012-10-19,-0.06878101956102567
2012-10-22,0.023366390633739482
2012-10-23,-0.03560391261607455
2012-10-24,-0.014446022565730366
2012-10-25,-0.010586433633066102
2012-10-26,0.006584267927827041
2012-10-31,-0.010425022370981847
2012-11-01,0.04771741879627101
2012-11-02,0.0
2012-11-05,0.01352197592585504
2012-11-06,0.015767089969834582
2012-11-07,0.0
2012-11-08,-0.04406046556494533
2012-11-09,0.01784898007437411
2012-11-12,-0.005549383102218739
2012-11-13,-0.01741084618194368
2012-11-14,-0.027260188711177046
2012-11-15,-0.017982315701226846
2012-11-16,0.005945421341611359
2012-11-19,0.07754137420885644
2012-11-20,0.0
2012-11-21,0.0
2012-11-23,0.0
2012-11-26,9.086718398053485e-05
2012-11-27,9.103365659309074e-05
2012-11-28,0.0
2012-11-29,0.0
2012-11-30,-9.10253702207968e-05
2012-12-03,-7.259977795475854e-05
2012-12-04,0.0
2012-12-05,0.0
2012-12-06,0.0
2012-12-07,9.077815400570618e-05
2012-12-10,-9.07699140804667e-05
2012-12-11,9.077815400570618e-05
2012-12-12,0.0
2012-12-13,9.094463961286413e-05
2012-12-14,0.0
2012-12-17,0.0
2012-12-18,0.0
2012-12-19,9.049959532878826e-05
2012-12-20,-9.04914058931742e-05
2012-12-21,9.049959532878826e-05
2012-12-24,-9.04914058931742e-05
2012-12-26,0.0
2012-12-27,9.049959532878826e-05
2012-12-28,0.0
2012-12-31,0.0611937338885584
2013-01-02,-0.0001817359000974789
2013-01-03,0.0
2013-01-04,0.0
2013-01-07,-9.04914058931742e-05
2013-01-08,0.0
2013-01-09,9.049959532878826e-05
2013-01-10,0.0
2013-01-11,0.0
2013-01-14,-9.04914058931742e-05
2013-01-15,0.0
2013-01-16,0.0
2013-01-17,-9.093636943751793e-05
2013-01-18,9.094463961286413e-05
2013-01-22,0.0
2013-01-23,0.0
2013-01-24,-9.093636943751793e-05
2013-01-25,0.0
2013-01-28,0.055871224242424244
2013-01-29,9.094463961286413e-05
2013-01-30,0.12822969114003832
2013-01-31,0.0
2013-02-01,2.7167349562985667e-05
2013-02-04,-9.07591941072737e-05
2013-02-05,9.076743208626104e-05
2013-02-06,0.0
2013-02-07,-9.07591941072737e-05
2013-02-08,0.0
2013-02-11,9.076743208626104e-05
2013-02-12,0.0
2013-02-13,0.0
2013-02-14,-9.07591941072737e-05
2013-02-15,0.0
2013-02-19,0.0
2013-02-20,0.0
2013-02-21,-9.050535095415441e-05
2013-02-22,0.03628397686130584
2013-02-25,0.0
2013-02-26,0.018492356458906154
2013-02-27,0.0
2013-02-28,0.0
2013-03-01,9.085479246362991e-06
2013-03-04,-9.032980950980703e-05
2013-03-05,0.0
2013-03-06,9.033796972140346e-05
2013-03-07,0.0
2013-03-08,-9.032980950980703e-05
2013-03-11,0.0
2013-03-12,0.00018111277682057
2013-03-13,0.0
2013-03-14,0.0
2013-03-15,0.0
2013-03-18,-9.075836959882878e-05
2013-03-19,0.0
2013-03-20,0.0
2013-03-21,9.076660742813298e-05
2013-03-22,8.997220470336251e-05
2013-03-25,-8.99641104340026e-05
2013-03-26,0.0
2013-03-27,8.997220470336251e-05
2013-03-28,-8.99641104340026e-05
2013-04-01,-9.075836959882878e-05
2013-04-02,0.0
2013-04-03,9.076660742813298e-05
2013-04-04,0.0
2013-04-05,0.0
2013-04-08,8.997220470336251e-05
2013-04-09,-8.99641104340026e-05
2013-04-10,8.997220470336251e-05
2013-04-11,0.0
2013-04-12,0.0
2013-04-15,0.0
2013-04-16,0.0
2013-04-17,0.0
2013-04-18,-8.99641104340026e-05
2013-04-19,0.004392671461269593
2013-04-22,0.0
2013-04-23,-8.99641104340026e-05
2013-04-24,0.0
2013-04-25,8.997220470336251e-05
2013-04-26,0.0
2013-04-29,0.0
2013-04-30,9.136161117860845e-05
2013-05-01,-0.00018130915691591377
2013-05-02,0.0
2013-05-03,8.997220470336251e-05
2013-05-06,0.0
2013-05-07,0.0
2013-05-08,0.0
2013-05-09,9.136161117860845e-05
2013-05-10,0.0
2013-05-13,0.0
2013-05-14,0.0
2013-05-15,0.0
2013-05-16,-9.13532649971319e-05
2013-05-17,0.0
2013-05-20,0.02831858471235024
2013-05-21,0.0
2013-05-22,0.0
2013-05-23,-8.99641104340026e-05
2013-05-24,8.997220470336251e-05
2013-05-28,-8.99641104340026e-05
2013-05-29,0.0
2013-05-30,0.0
2013-05-31,8.997220470336251e-05
2013-06-03,9.136161117860845e-05
2013-06-04,0.0
2013-06-05,0.0
2013-06-06,0.010655899693632022
2013-06-07,-9.13532649971319e-05
2013-06-10,9.136161117860845e-05
2013-06-11,-9.13532649971319e-05
2013-06-12,-8.99641104340026e-05
2013-06-13,0.03455717157899932
2013-06-14,9.136161117860845e-05
2013-06-17,0.0
2013-06-18,-9.13532649971319e-05
2013-06-19,0.0
2013-06-20,-8.99641104340026e-05
2013-06-21,-0.01593625461788835
2013-06-24,-0.039253680739870976
2013-06-25,0.0271162059235448
2013-06-26,0.017124545425183386
2013-06-27,0.0
2013-06-28,-9.075836959882878e-05
2013-07-01,0.00018074697860327924
2013-07-02,0.0
2013-07-03,0.0
2013-07-05,9.136161117860845e-05
2013-07-08,0.0
2013-07-09,0.0
2013-07-10,0.0
2013-07-11,-0.00018130915691591377
2013-07-12,8.997220470336251e-05
2013-07-15,-8.99641104340026e-05
2013-07-16,8.997220470336251e-05
2013-07-17,9.136161117860845e-05
2013-07-18,-9.13532649971319e-05
2013-07-19,0.0
2013-07-22,-8.99641104340026e-05
2013-07-23,0.0
2013-07-24,8.997220470336251e-05
2013-07-25,0.0
2013-07-26,0.0
2013-07-29,0.0
2013-07-30,-8.99641104340026e-05
2013-07-31,0.00018134203588755397
2013-08-01,-9.13532649971319e-05
2013-08-02,0.0
2013-08-05,9.136161117860845e-05
2013-08-06,0.0
2013-08-07,0.0
2013-08-08,0.0
2013-08-09,-9.13532649971319e-05
2013-08-12,9.136161117860845e-05
2013-08-13,0.0
2013-08-14,-9.13532649971319e-05
2013-08-15,9.136161117860845e-05
2013-08-16,0.0
2013-08-19,-0.00018130915691591377
2013-08-20,0.00018134203588755397
2013-08-21,-0.00018130915691591377
2013-08-22,0.0
2013-08-23,0.0
2013-08-26,8.997220470336251e-05
2013-08-27,9.136161117860845e-05
2013-08-28,0.0026265303515103627
2013-08-29,0.0
2013-08-30,0.0
2013-09-03,9.056724264056002e-05
2013-09-04,0.0
2013-09-05,-9.055904095792428e-05
2013-09-06,9.056724264056002e-05
2013-09-09,-9.055904095792428e-05
2013-09-10,9.056724264056002e-05
2013-09-11,-9.055904095792428e-05
2013-09-12,9.056724264056002e-05
2013-09-13,0.0
2013-09-16,-9.055904095792428e-05
2013-09-17,0.0
2013-09-18,9.056724264056002e-05
2013-09-19,0.0
2013-09-20,0.0
2013-09-23,0.0
2013-09-24,0.0
2013-09-25,9.099568049966933e-05
2013-09-26,0.0
2013-09-27,0.0
2013-09-30,-9.098740103919487e-05
2013-10-01,-9.055904095792428e-05
2013-10-02,-9.13532649971319e-05
2013-10-03,0.0
2013-10-04,9.136161117860845e-05
2013-10-07,-9.13532649971319e-05
2013-10-08,0.0
2013-10-09,0.015081207473327288
2013-10-10,0.0482061270061416
2013-10-11,9.076660742813298e-05
2013-10-14,-9.075836959882878e-05
2013-10-15,-0.00018153321485626597
2013-10-16,9.121996479992814e-05
2013-10-17,0.000271101276639763
2013-10-18,9.136161117860845e-05
2013-10-21,0.0
2013-10-22,-9.13532649971319e-05
2013-10-23,9.136161117860845e-05
2013-10-24,0.0
2013-10-25,0.0
2013-10-28,-0.00018130915691591377
2013-10-29,0.0
2013-10-30,8.997220470336251e-05
2013-10-31,0.0
2013-11-01,-8.99641104340026e-05
2013-11-04,0.0
2013-11-05,0.0
2013-11-06,0.0
2013-11-07,0.0
2013-11-08,0.0
2013-11-11,8.997220470336251e-05
2013-11-12,9.136161117860845e-05
2013-11-13,0.0
2013-11-14,0.0
2013-11-15,-9.13532649971319e-05
2013-11-18,0.0
2013-11-19,0.0
2013-11-20,9.136161117860845e-05
2013-11-21,0.0
2013-11-22,0.0
2013-11-25,0.0
2013-11-26,0.0
2013-11-27,0.0
2013-11-29,-9.13532649971319e-05
2013-12-02,-8.99641104340026e-05
2013-12-03,0.0
2013-12-04,8.997220470336251e-05
2013-12-05,9.136161117860845e-05
2013-12-06,0.0
2013-12-09,-9.13532649971319e-05
2013-12-10,9.136161117860845e-05
2013-12-11,0.0
2013-12-12,0.0
2013-12-13,0.0
2013-12-16,0.0
2013-12-17,-9.13532649971319e-05
2013-12-18,0.0001819371281883761
2013-12-19,-0.00018190403309098965
2013-12-20,0.0
2013-12-23,0.0
2013-12-24,0.0
2013-12-26,1.816750967987625e-05
2013-12-27,0.0
2013-12-30,0.0
2013-12-31,9.12726091860597e-05
2014-01-02,-0.00018130587917500234
2014-01-03,0.00018133875695776108
2014-01-06,-9.126427925716641e-05
2014-01-07,0.0
2014-01-08,9.12726091860597e-05
2014-01-09,0.0
2014-01-10,0.0
2014-01-13,-9.126427925716641e-05
2014-01-14,9.12726091860597e-05
2014-01-15,0.0
2014-01-16,-9.126427925716641e-05
2014-01-17,9.12726091860597e-05
2014-01-21,-9.126427925716641e-05
2014-01-22,0.0
2014-01-23,0.0
2014-01-24,0.0
2014-01-27,0.0
2014-01-28,-0.01692698264935481
2014-01-29,-0.026191286515871475
2014-01-30,0.03897385005090089
2014-01-31,-9.126427925716641e-05
2014-02-03,0.0002728570632509574
2014-02-04,0.01650243411507446
2014-02-05,-0.0010068475407993196
2014-02-06,0.03426566546878886
2014-02-07,-9.064472237695961e-05
2014-02-10,0.0
2014-02-11,0.0
2014-02-12,-9.126427925716641e-05
2014-02-13,9.12726091860597e-05
2014-02-14,-9.126427925716641e-05
2014-02-18,0.0
2014-02-19,0.0
2014-02-20,0.0
2014-02-21,0.0
2014-02-24,0.0
2014-02-25,9.12726091860597e-05
2014-02-26,0.0
2014-02-27,0.0
2014-02-28,9.065293958750117e-05
2014-03-03,-0.00018190072900886982
2014-03-04,0.0
2014-03-05,9.12726091860597e-05
2014-03-06,0.0
2014-03-07,-9.126427925716641e-05
2014-03-10,9.12726091860597e-05
2014-03-11,-9.126427925716641e-05
2014-03-12,0.0
2014-03-13,0.0
2014-03-14,9.12726091860597e-05
2014-03-17,0.03362069320446938
2014-03-18,-9.064472237695961e-05
2014-03-19,9.065293958750117e-05
2014-03-20,0.0
2014-03-21,0.0
2014-03-24,0.0
2014-03-25,0.01838806986809211
2014-03-26,-9.064472237695961e-05
2014-03-27,-0.014732265420581692
2014-03-28,0.00996840481866322
2014-03-31,0.025211914198974856
2014-04-01,0.03484727392714333
2014-04-02,9.090670134336701e-05
2014-04-03,9.06364829132766e-05
2014-04-04,0.0
2014-04-07,-0.019875921134745435
2014-04-08,0.023493063303577828
2014-04-09,0.03670388617082332
2014-04-10,0.0
2014-04-11,-0.031512107536217165
2014-04-14,0.027460804902762297
2014-04-15,0.012015717004339444
2014-04-16,0.03229003799787182
2014-04-17,-9.089843806620515e-05
2014-04-21,0.0
2014-04-22,0.0
2014-04-23,0.0
2014-04-24,0.0
2014-04-25,0.0
2014-04-28,0.0
2014-04-29,9.090670134336701e-05
2014-04-30,0.0
2014-05-01,0.0
2014-05-02,0.0
2014-05-05,0.0
2014-05-06,-9.089843806620515e-05
2014-05-07,9.090670134336701e-05
2014-05-08,-9.089843806620515e-05
2014-05-09,9.090670134336701e-05
2014-05-12,-9.089843806620515e-05
2014-05-13,9.090670134336701e-05
2014-05-14,0.0
2014-05-15,-9.089843806620515e-05
2014-05-16,9.090670134336701e-05
2014-05-19,0.0
2014-05-20,-9.089843806620515e-05
2014-05-21,9.090670134336701e-05
2014-05-22,-9.089843806620515e-05
2014-05-23,0.00018155142372032663
2014-05-27,-9.06282686857504e-05
2014-05-28,0.0
2014-05-29,-9.089843806620515e-05
2014-05-30,9.090670134336701e-05
2014-06-02,0.0
2014-06-03,-9.089843806620515e-05
2014-06-04,0.0
2014-06-05,0.0
2014-06-06,9.090670134336701e-05
2014-06-09,0.02398946252536129
2014-06-10,-0.03337612323491656
2014-06-11,0.043160733067729086
2014-06-12,0.0
2014-06-13,9.090670134336701e-05
2014-06-16,0.0
2014-06-17,-0.00018153492097948174
2014-06-18,0.0
2014-06-19,9.065293958750117e-05
2014-06-20,-9.064472237695961e-05
2014-06-23,9.065293958750117e-05
2014-06-24,0.0
2014-06-25,0.0
2014-06-26,9.090670134336701e-05
2014-06-27,0.0
2014-06-30,0.0
2014-07-01,-0.04921114113485121
2014-07-02,-0.02212564147924099
2014-07-03,-0.026262703159267473
2014-07-07,0.03941911578657544
2014-07-08,0.034331389300283
2014-07-09,0.0
2014-07-10,-9.089843806620515e-05
2014-07-11,0.0
2014-07-14,9.090670134336701e-05
2014-07-15,0.0
2014-07-16,0.0
2014-07-17,0.0
2014-07-18,0.0
2014-07-21,0.0
2014-07-22,-9.089843806620515e-05
2014-07-23,9.090670134336701e-05
2014-07-24,0.0
2014-07-25,-9.089843806620515e-05
2014-07-28,0.0
2014-07-29,9.090670134336701e-05
2014-07-30,-9.089843806620515e-05
2014-07-31,0.0
2014-08-01,9.090670134336701e-05
2014-08-04,0.021041023948207827
2014-08-05,-9.089843806620515e-05
2014-08-06,-0.012179014047377219
2014-08-07,-0.011712694148903472
2014-08-08,0.017732972139553094
2014-08-11,-9.06282686857504e-05
2014-08-12,-9.089843806620515e-05
2014-08-13,0.0
2014-08-14,0.0
2014-08-15,9.090670134336701e-05
2014-08-18,0.0
2014-08-19,0.0
2014-08-20,0.0
2014-08-21,9.06364829132766e-05
2014-08-22,0.0
2014-08-25,-9.06282686857504e-05
2014-08-26,-9.089843806620515e-05
2014-08-27,0.0
2014-08-28,0.0
2014-08-29,9.090670134336701e-05
2014-09-02,0.0
2014-09-03,-0.02364731963389641
2014-09-04,-9.089843806620515e-05
2014-09-05,0.0
2014-09-08,0.0
2014-09-09,0.0
2014-09-10,0.0
2014-09-11,0.0
2014-09-12,0.0
2014-09-15,9.090670134336701e-05
2014-09-16,0.0
2014-09-17,0.0
2014-09-18,0.0
2014-09-19,9.06364829132766e-05
2014-09-22,0.0
2014-09-23,0.0
2014-09-24,0.0
2014-09-25,9.045364774415937e-05
2014-09-26,0.030183551435044458
2014-09-29,0.0
2014-09-30,-0.00036256758965275924
2014-10-01,0.00018156788189057317
2014-10-02,0.0
2014-10-03,0.022774309781494424
2014-10-06,9.065293958750117e-05
2014-10-07,9.090670134336701e-05
2014-10-08,0.05463856089521778
2014-10-09,9.06364829132766e-05
2014-10-10,-0.07656400254357473
2014-10-13,-0.03544232917336088
2014-10-14,0.003141747330294136
2014-10-15,-0.01793553268427486
2014-10-16,-0.020001819564333008
2014-10-17,0.039045899550779604
2014-10-20,0.00018155142372032663
2014-10-21,0.0
2014-10-22,0.0
2014-10-23,0.0
2014-10-24,0.0
2014-10-27,0.0
2014-10-28,0.0
2014-10-29,-9.06282686857504e-05
2014-10-30,-9.089843806620515e-05
2014-10-31,9.090670134336701e-05
2014-11-03,-9.089843806620515e-05
2014-11-04,9.090670134336701e-05
2014-11-05,0.0
2014-11-06,-9.089843806620515e-05
2014-11-07,0.0
2014-11-10,9.090670134336701e-05
2014-11-11,0.0
2014-11-12,0.0
2014-11-13,0.0
2014-11-14,0.0
2014-11-17,0.0
2014-11-18,0.0
2014-11-19,0.0
2014-11-20,0.0
2014-11-21,0.0
2014-11-24,-0.00018153492097948174
2014-11-25,-0.007436755813560918
2014-11-26,0.00018156788189057317
2014-11-28,0.054025975822162314
2014-12-01,0.08526364783483167
2014-12-02,-9.089843806620515e-05
2014-12-03,0.0
2014-12-04,0.0
2014-12-05,0.0
2014-12-08,-0.00018190072900886982
2014-12-09,0.0
2014-12-10,0.0
2014-12-11,9.12726091860597e-05
2014-12-12,0.0
2014-12-15,-0.018033286656503583
2014-12-16,-0.04163067378029855
2014-12-17,0.05886630799467745
2014-12-18,0.08649644745023312
2014-12-19,9.12726091860597e-05
2014-12-22,-0.00027195881876250353
2014-12-23,9.067760016052905e-05
2014-12-24,9.005792794963954e-05
2014-12-26,0.0
2014-12-29,-0.00018071103196742346
2014-12-30,9.067760016052905e-05
2014-12-31,0.00018133875695776108
2015-01-02,-0.00018130587917500234
2015-01-05,0.0
2015-01-06,-0.037268846015387644
2015-01-07,0.022725296754961436
2015-01-08,0.06382660610653207
2015-01-09,9.12726091860597e-05
2015-01-12,0.00018156788189057317
2015-01-13,-9.089843806620515e-05
2015-01-14,0.0
2015-01-15,-0.03602624487898766
2015-01-16,0.031408949926513864
2015-01-20,0.0
2015-01-21,-9.089843806620515e-05
2015-01-22,9.090670134336701e-05
2015-01-23,0.0
2015-01-26,-9.089843806620515e-05
2015-01-27,0.0
2015-01-28,-9.064472237695961e-05
2015-01-29,0.028000305321383926
2015-01-30,-0.00018151846878388737
2015-02-02,0.00018155142372032663
2015-02-03,9.045364774415937e-05
2015-02-04,-0.0001810655383914815
2015-02-05,0.0
2015-02-06,0.0
2015-02-09,0.0
2015-02-10,-9.089843806620515e-05
2015-02-11,9.090670134336701e-05
2015-02-12,-9.089843806620515e-05
2015-02-13,9.090670134336701e-05
2015-02-17,9.06364829132766e-05
2015-02-18,9.045364774415937e-05
2015-02-19,0.0
2015-02-20,-9.04454666217815e-05
2015-02-23,-9.06282686857504e-05
2015-02-24,0.0
2015-02-25,0.0
2015-02-26,0.0
2015-02-27,9.06364829132766e-05
2015-03-02,-9.06282686857504e-05
2015-03-03,-9.089843806620515e-05
2015-03-04,0.00018155142372032663
2015-03-05,-0.00018151846878388737
2015-03-06,9.090670134336701e-05
2015-03-09,-9.089843806620515e-05
2015-03-10,9.090670134336701e-05
2015-03-11,-0.021379356671201295
2015-03-12,0.020031972413280315
2015-03-13,-0.017076968095777047
2015-03-16,0.03532654327526056
2015-03-17,-9.089843806620515e-05
2015-03-18,-9.064472237695961e-05
2015-03-19,9.065293958750117e-05
2015-03-20,0.0
2015-03-23,9.090670134336701e-05
2015-03-24,-9.089843806620515e-05
2015-03-25,0.0
2015-03-26,0.0011630276685831227
2015-03-27,0.0032673726400657484
2015-03-30,0.03466478786578221
2015-03-31,9.090670134336701e-05
2015-04-01,0.0
2015-04-02,0.005880354578560744
2015-04-06,0.02165288488586043
2015-04-07,0.0
2015-04-08,9.06364829132766e-05
2015-04-09,0.0
2015-04-10,0.0
2015-04-13,-9.06282686857504e-05
2015-04-14,9.06364829132766e-05
2015-04-15,0.0
2015-04-16,0.0
2015-04-17,0.0
2015-04-20,-9.06282686857504e-05
2015-04-21,0.0
2015-04-22,0.0
2015-04-23,9.06364829132766e-05
2015-04-24,-9.06282686857504e-05
2015-04-27,0.0
2015-04-28,9.06364829132766e-05
2015-04-29,-9.06282686857504e-05
2015-04-30,9.06364829132766e-05
2015-05-01,-9.06282686857504e-05
2015-05-04,9.06364829132766e-05
2015-05-05,9.045364774415937e-05
2015-05-06,-9.04454666217815e-05
2015-05-07,0.01842401556653022
2015-05-08,0.0
2015-05-11,-9.04454666217815e-05
2015-05-12,9.045364774415937e-05
2015-05-13,-9.04454666217815e-05
2015-05-14,0.0
2015-05-15,0.0
2015-05-18,0.0
2015-05-19,0.0
2015-05-20,0.0
2015-05-21,0.0
2015-05-22,0.0
2015-05-26,0.0
2015-05-27,0.0
2015-05-28,9.045364774415937e-05
2015-05-29,-9.04454666217815e-05
2015-06-01,0.0
2015-06-02,0.0
2015-06-03,9.045364774415937e-05
2015-06-04,-9.04454666217815e-05
2015-06-05,-9.06282686857504e-05
2015-06-08,0.0
2015-06-09,-0.006507783269513958
2015-06-10,0.04230359184764416
2015-06-11,9.045364774415937e-05
2015-06-12,-9.04454666217815e-05
2015-06-15,-9.06282686857504e-05
2015-06-16,0.016371202206865266
2015-06-17,0.00018109832905793417
2015-06-18,-0.0001810655383914815
2015-06-19,9.06364829132766e-05
2015-06-22,0.0
2015-06-23,0.0
2015-06-24,0.0
2015-06-25,9.045364774415937e-05
2015-06-26,-0.0001810655383914815
2015-06-29,9.06364829132766e-05
2015-06-30,0.0029092811987292155
2015-07-01,0.02030756764583496
2015-07-02,9.045364774415937e-05
2015-07-06,0.0
2015-07-07,0.0037314596347535053
2015-07-08,0.0001814147486873185
2015-07-09,-0.011722400051046859
2015-07-10,0.04714138729013839
2015-07-13,9.06200717697e-05
2015-07-14,0.0
2015-07-15,0.0
2015-07-16,0.0
2015-07-17,0.0
2015-07-20,-0.00018104913170617244
2015-07-21,0.0
2015-07-22,0.0
2015-07-23,0.0
2015-07-24,9.045364774415937e-05
2015-07-27,-9.04454666217815e-05
2015-07-28,0.0
2015-07-29,0.0
2015-07-30,0.0
2015-07-31,-9.06282686857504e-05
2015-08-03,9.06364829132766e-05
2015-08-04,-9.06282686857504e-05
2015-08-05,9.06364829132766e-05
2015-08-06,0.0
2015-08-07,0.0
2015-08-10,-0.00018151846878388737
2015-08-11,9.090670134336701e-05
2015-08-12,-9.089843806620515e-05
2015-08-13,0.0
2015-08-14,0.0
2015-08-17,0.0
2015-08-18,0.0
2015-08-19,0.0
2015-08-20,0.00018155142372032663
2015-08-21,-0.11294208875681126
2015-08-24,-0.11111089447783058
2015-08-25,-0.03229519170316204
2015-08-26,0.1472323223831242
2015-08-27,0.0
2015-08-28,-9.06282686857504e-05
2015-08-31,9.06364829132766e-05
2015-09-01,8.643736608756542e-06
2015-09-02,0.0
2015-09-03,9.097672419009106e-05
2015-09-04,0.0
2015-09-08,-9.096844817867111e-05
2015-09-09,0.0
2015-09-10,-0.00018090573178682214
2015-09-11,0.0
2015-09-14,9.099318537887965e-05
2015-09-15,-0.0002726054488432998
2015-09-16,0.00018167006672095224
2015-09-17,-9.125516192027757e-05
2015-09-18,0.0004536101129379141
2015-09-21,-9.034917205240845e-05
2015-09-22,9.03573357628835e-05
2015-09-23,0.0
2015-09-24,0.0
2015-09-25,0.00018200775239543153
2015-09-28,-9.129278880355913e-05
2015-09-29,-0.010865615796638374
2015-09-30,0.055291152648807226
2015-10-01,8.152509537083226e-05
2015-10-02,9.138096006564766e-05
2015-10-05,-9.137261034879029e-05
2015-10-06,9.138096006564766e-05
2015-10-07,0.0
2015-10-08,-9.137261034879029e-05
2015-10-09,9.138096006564766e-05
2015-10-12,-9.137261034879029e-05
2015-10-13,0.0
2015-10-14,9.138096006564766e-05
2015-10-15,-9.137261034879029e-05
2015-10-16,0.0
2015-10-19,-9.05954503802696e-05
2015-10-20,9.060365865953196e-05
2015-10-21,-9.05954503802696e-05
2015-10-22,9.060365865953196e-05
2015-10-23,-0.00018092906419874653
2015-10-26,-9.087372864074551e-05
2015-10-27,9.088198742580918e-05
2015-10-28,-9.087372864074551e-05
2015-10-29,-9.009626419158027e-05
2015-10-30,0.0
2015-11-02,-0.00020849734964769798
2015-11-03,9.029783001389836e-05
2015-11-04,-9.028967705198791e-05
2015-11-05,9.029783001389836e-05
2015-11-06,-0.00027209152194777013
2015-11-09,0.00018185132509959678
2015-11-10,-0.00018181826120786882
2015-11-11,0.0
2015-11-12,9.031425079394001e-05
2015-11-13,-9.030609486663999e-05
2015-11-16,0.00018185132509959678
2015-11-17,-9.152043119397048e-05
2015-11-18,0.0
2015-11-19,9.152880794994072e-05
2015-11-20,-9.152043119397048e-05
2015-11-23,0.0
2015-11-24,9.152880794994072e-05
2015-11-25,9.029783001389836e-05
2015-11-27,0.0
2015-11-30,0.0
2015-12-01,-0.00012731368388955354
2015-12-02,0.0
2015-12-03,0.0
2015-12-04,0.0
2015-12-07,-0.00027186417166445237
2015-12-08,-0.00027211281316777923
2015-12-09,0.0
2015-12-10,9.10493507578373e-05
2015-12-11,8.999260400589408e-05
2015-12-14,-8.998450606587303e-05
2015-12-15,-9.104106152829285e-05
2015-12-16,0.0
2015-12-17,0.0001810501485318991
2015-12-18,9.112023284146171e-05
2015-12-21,0.0
2015-12-22,9.093721942460938e-05
2015-12-23,0.0
2015-12-24,0.00019024327992691443
2015-12-28,-9.099898634814343e-05
2015-12-29,0.00018175251874841426
2015-12-30,0.0
2015-12-31,-9.072876065036891e-05
2016-01-04,0.0
2016-01-05,9.073699310529848e-05
2016-01-06,-0.00018171949077326054
2016-01-07,9.100726791727421e-05
2016-01-08,-0.023981283590262418
2016-01-11,0.01884877480402367
2016-01-12,0.03303596514596447
2016-01-13,0.0
2016-01-14,0.05574778592322474
2016-01-15,9.079961546362852e-05
2016-01-19,0.004313193275995132
2016-01-20,-0.02290599992392498
2016-01-21,0.016849720517026198
2016-01-22,0.08033166735861713
2016-01-25,0.0
2016-01-26,0.0
2016-01-27,0.0
2016-01-28,0.0
2016-01-29,8.989388506883516e-05
2016-02-01,-0.00019024374237716014
2016-02-02,0.00027180355010001045
2016-02-03,9.092560697205687e-05
2016-02-04,0.0
2016-02-05,-0.0001807003950803423
2016-02-08,0.0
2016-02-09,-0.015419138023988527
2016-02-10,0.007257520182553606
2016-02-11,-0.009480359021491693
2016-02-12,0.041347430027638625
2016-02-16,0.0
2016-02-17,0.0
2016-02-18,9.117083329007444e-05
2016-02-19,-9.116252192698554e-05
2016-02-22,-0.00018155646323123916
2016-02-23,0.00018158943196626713
2016-02-24,-9.06473643908013e-05
2016-02-25,0.0
2016-02-26,0.0
2016-02-29,0.0001818346805154193
2016-03-01,-0.00045354445119463906
2016-03-02,0.00018188411520665535
2016-03-03,8.979113221382087e-05
2016-03-04,-8.978307049026791e-05
2016-03-07,0.0
2016-03-08,8.979113221382087e-05
2016-03-09,9.08301033822827e-05
2016-03-10,0.0
2016-03-11,-9.082185402389234e-05
2016-03-14,0.0
2016-03-15,9.08301033822827e-05
2016-03-16,9.073460920734682e-05
2016-03-17,9.098808788838632e-05
2016-03-18,-9.09798098094553e-05
2016-03-21,9.098808788838632e-05
2016-03-22,-9.09798098094553e-05
2016-03-23,0.0
2016-03-24,0.0002722663684560438
2016-03-28,-0.00018122893802284288
2016-03-29,0.00036261080477268043
2016-03-30,9.05108447774763e-05
2016-03-31,-0.00018117968551984576
2016-04-01,-9.05190535195212e-05
2016-04-04,0.0001811417090689726
2016-04-05,0.00018102170533956482
2016-04-06,0.0
2016-04-07,0.0
2016-04-08,9.040728963479117e-05
2016-04-11,-0.0001806238864105893
2016-04-12,0.00018065651729284814
2016-04-13,0.0
2016-04-14,-9.039911689564725e-05
2016-04-15,0.0
2016-04-18,0.0001812504871270307
2016-04-19,0.0
2016-04-20,0.0
2016-04-21,0.0
2016-04-22,9.091390087490902e-05
2016-04-25,-0.00018172411472901405
2016-04-26,0.0
2016-04-27,-0.01513086982017469
2016-04-28,-0.03966471397115523
2016-04-29,-0.024142110851489523
2016-05-02,0.019076204075196664
2016-05-03,-0.02398377421936149
2016-05-04,-0.010188843700552048
2016-05-05,-0.00030269118682433726
2016-05-06,0.02119932837839685
2016-05-09,-0.0008897253415613796
2016-05-10,0.04007126945305563
2016-05-11,0.0
2016-05-12,-0.00018203642907093016
2016-05-13,-0.011730113882090465
2016-05-16,0.0370915496955284
2016-05-17,0.0
2016-05-18,0.007938551990463368
2016-05-19,9.133983333618044e-05
2016-05-20,0.030879042888823493
2016-05-23,9.021493905348927e-05
2016-05-24,-9.020680105243011e-05
2016-05-25,9.021493905348927e-05
2016-05-26,0.0
2016-05-27,-0.00018076222742293725
2016-05-31,9.057179833051505e-05
2016-06-01,8.977911809187821e-06
2016-06-02,9.064994616787812e-05
2016-06-03,0.0
2016-06-06,0.00018119630349082219
2016-06-07,9.036388936985173e-05
2016-06-08,0.0
2016-06-09,0.0
2016-06-10,9.113991109066417e-05
2016-06-13,0.0
2016-06-14,0.003552922560473767
2016-06-15,-0.004357093583466856
2016-06-16,0.006290991518056993
2016-06-17,0.0
2016-06-20,0.015590197516745737
2016-06-21,0.018914510005672642
2016-06-22,0.00018086922823727604
2016-06-23,-0.00027195164591721483
2016-06-24,0.0005438769837743076
2016-06-27,-0.05894481997336594
2016-06-28,0.05449420643613166
2016-06-29,0.04811402154114663
2016-06-30,0.00027166566327184753
2016-07-01,0.0001992312356263763
2016-07-05,-0.00018108322767968572
2016-07-06,-0.00027158696211914806
2016-07-07,0.00027166074163469567
2016-07-08,-9.064508738891732e-05
2016-07-11,-0.00018095827770912742
2016-07-12,9.101810676763609e-05
2016-07-13,-9.100982322582881e-05
2016-07-14,0.0
2016-07-15,9.101810676763609e-05
2016-07-18,0.0
2016-07-19,-9.100982322582881e-05
2016-07-20,0.0
2016-07-21,9.101810676763609e-05
2016-07-22,-9.100982322582881e-05
2016-07-25,9.101810676763609e-05
2016-07-26,-9.100982322582881e-05
2016-07-27,0.0001809910295341127
2016-07-28,-8.995664142133235e-05
2016-07-29,0.00018062619461279328
2016-08-01,2.6122503570293174e-07
2016-08-02,0.07695456406058125
2016-08-03,-0.00018146427739862425
2016-08-04,0.00027250709136782185
2016-08-05,-0.00018188310218913596
2016-08-08,-0.00018130660933128167
2016-08-09,0.0001813394873788762
2016-08-10,9.091455338225651e-05
2016-08-11,9.099336366677656e-05
2016-08-12,-9.098508462788276e-05
2016-08-15,9.099336366677656e-05
2016-08-16,0.0
2016-08-17,-0.00018188310218913596
2016-08-18,0.00027161158237476825
2016-08-19,0.0
2016-08-22,0.0
2016-08-23,-0.00018064796291345205
2016-08-24,0.0
2016-08-25,0.0
2016-08-26,0.0
2016-08-29,9.099336366677656e-05
2016-08-30,-9.098508462788276e-05
2016-08-31,0.0
2016-09-01,-6.382596705047581e-05
2016-09-02,-9.065084958829623e-05
2016-09-06,0.0004532082511073295
2016-09-07,-0.00018141009615083291
2016-09-08,-9.037324673289395e-05
2016-09-09,9.038141479479327e-05
2016-09-12,0.051287685710814594
2016-09-13,9.065084958829623e-05
2016-09-14,0.016136265930988408
2016-09-15,9.065906790982514e-05
2016-09-16,0.0002717783876705788
2016-09-19,-9.071327622749775e-05
2016-09-20,0.0003624506995655467
2016-09-21,0.0
2016-09-22,0.0
2016-09-23,0.000271891840659893
2016-09-26,0.0001813279698306454
2016-09-27,-0.0004530637522813039
2016-09-28,0.00036240640989366015
2016-09-29,-9.04817780574206e-05
2016-09-30,-9.031594658551341e-05
2016-10-03,-0.0004262114285401023
2016-10-04,0.0
2016-10-05,0.0002719583990703967
2016-10-06,-0.00027188445780851903
2016-10-07,0.00036293039875943793
2016-10-10,-0.00027212080179476154
2016-10-11,0.00027219487168148797
2016-10-12,-0.00018152989847901267
2016-10-13,0.00027269244139723674
2016-10-14,0.0
2016-10-17,0.0
2016-10-18,0.0181004896304319
2016-10-19,0.00018074669182210418
2016-10-20,-0.00027163658957042526
2016-10-21,0.00018206859338521823
2016-10-24,8.962548468461445e-05
2016-10-25,0.0
2016-10-26,0.0
2016-10-27,-0.00018071402835931238
2016-10-28,0.00018074669182210418
2016-10-31,0.00042305503444369375
2016-11-01,-0.025999006041404586
2016-11-02,-0.01909729202184988
2016-11-03,-0.0254421029543739
2016-11-04,-0.010442854472359438
2016-11-07,0.06515252450470758
2016-11-08,0.00018141665262174037
2016-11-09,0.0
2016-11-10,-0.0006341906535434729
2016-11-11,9.088000044569502e-05
2016-11-14,0.0
2016-11-15,0.043245466381188404
2016-11-16,9.026244873232179e-05
2016-11-17,0.0001814659787844077
2016-11-18,-0.00018143305485752415
2016-11-21,9.077650641349508e-05
2016-11-22,-0.00018101437671876633
2016-11-23,0.0
2016-11-25,0.0003621813396096345
2016-11-28,0.0
2016-11-29,-9.040378996354352e-05
2016-11-30,-0.00027167098190176997
2016-12-01,0.00015406416032421366
2016-12-02,0.010411888997346066
2016-12-05,0.028897740190509513
2016-12-06,0.00036247366300305733
2016-12-07,-0.00045299315203457607
2016-12-08,0.0
2016-12-09,9.069191139556922e-05
2016-12-12,0.012035010940919038
2016-12-13,0.0
2016-12-14,-0.006362672322375398
2016-12-15,0.0002721627705700048
2016-12-16,0.0002720017054489529
2016-12-19,0.00018128516042649335
2016-12-20,0.0
2016-12-21,9.019128466917758e-05
2016-12-22,-9.00961855049152e-05
2016-12-23,0.0
2016-12-27,0.0
2016-12-28,-9.11479827507661e-05
2016-12-29,0.00018135578979011264
2016-12-30,-9.018314309212342e-05
2017-01-03,0.000271356589868693
2017-01-04,-9.060155782509656e-05
2017-01-05,-9.052280966105338e-05
2017-01-06,0.00027167997976836414
2017-01-09,0.00018170836641831162
2017-01-10,-9.118538127093994e-05
2017-01-11,0.0
2017-01-12,9.119369680295242e-05
2017-01-13,0.0
2017-01-17,-9.118538127093994e-05
2017-01-18,9.119369680295242e-05
2017-01-19,9.031612120162687e-05
2017-01-20,0.0
2017-01-23,9.056871940698176e-05
2017-01-24,-0.00018086030405737192
2017-01-25,-9.118538127093994e-05
2017-01-26,0.012863070539419087
2017-01-27,-0.02376075378943056
2017-01-30,0.057490558120016785
2017-01-31,-9.030796493652019e-05
2017-02-01,9.048997321548949e-05
2017-02-02,-9.074253994627415e-05
2017-02-03,0.0001811538456857829
2017-02-06,0.00018181631719751178
2017-02-07,-9.132610544993531e-05
2017-02-08,0.00018145225941520405
2017-02-09,-0.00027186835072702845
2017-02-10,0.00018181631719751178
2017-02-13,-0.0629849383842994
2017-02-14,-0.08670238675109596
2017-02-15,0.05653333333333333
2017-02-16,0.01514386673397274
2017-02-17,0.0069617105917454
2017-02-21,0.021728395061728394
2017-02-22,0.008699855002416627
2017-02-23,0.05270723526593196
2017-02-24,-0.024123805188893947
2017-02-27,-0.011194029850746268
2017-02-28,0.05188679245283019
2017-03-01,-0.0004174035017234403
2017-03-02,0.004217432052483599
2017-03-03,0.0001813376126459948
2017-03-06,-0.00018130473527813807
2017-03-07,0.0
2017-03-08,-0.0003626752252919896
2017-03-09,9.08756262265492e-05
2017-03-10,0.0003621651580944391
2017-03-13,-0.000271808031036357
2017-03-14,0.0
2017-03-15,0.00036300193821298365
2017-03-16,-9.108694274759764e-05
2017-03-17,0.0
2017-03-20,9.109524033453857e-05
2017-03-21,0.0
2017-03-22,0.0
2017-03-23,0.0
2017-03-24,-9.108694274759764e-05
2017-03-27,-9.022601094203344e-05
2017-03-28,9.02341524096561e-05
2017-03-29,0.0002725034145503611
2017-03-30,9.063592703868703e-05
2017-03-31,0.00018125542582382372
2017-04-03,-0.00020841465254914403
2017-04-04,-9.106464651450066e-05
2017-04-05,-0.000271654590232601
2017-04-06,0.00027172840650152374
2017-04-07,-9.046462841719054e-05
2017-04-10,0.0001815539926712676
2017-04-11,0.0
2017-04-12,9.002192155441096e-05
2017-04-13,-0.011680410626039113
2017-04-17,0.02568567383760175
2017-04-18,0.0
2017-04-19,0.00018219978480094086
2017-04-20,-0.00018216659408670034
2017-04-21,9.114333536298854e-05
2017-04-24,0.00018140127795810272
2017-04-25,-9.033673975227407e-05
2017-04-26,-9.10398619946886e-05
2017-04-27,9.104815100579103e-05
2017-04-28,-9.10398619946886e-05
2017-05-01,9.973595167428254e-05
2017-05-02,0.0053435114503816794
2017-05-03,0.039483675018982534
2017-05-04,9.045554926547227e-05
2017-05-05,9.044736779913838e-05
2017-05-08,-0.050190114068441066
2017-05-09,-0.004803843074459567
2017-05-10,0.006436041834271922
2017-05-11,-0.005595523581135092
2017-05-12,-0.002411575562700965
2017-05-15,-0.0443190975020145
2017-05-16,-0.0193929173693086
2017-05-17,0.36285468615649186
2017-05-18,-9.09109380185375e-05
2017-05-19,9.091920356861782e-05
2017-05-22,0.0
2017-05-23,-9.09109380185375e-05
2017-05-24,9.091920356861782e-05
2017-05-25,0.0
2017-05-26,0.0
2017-05-30,-9.09109380185375e-05
2017-05-31,9.091920356861782e-05
2017-06-01,5.4008217237373755e-05
2017-06-02,0.00018163840620807426
2017-06-05,0.006660323501427212
2017-06-06,0.04725897920604915
2017-06-07,9.081920310403713e-05
2017-06-08,0.0
2017-06-09,-9.081095572540503e-05
2017-06-12,-9.06455526200906e-05
2017-06-13,0.021282159664889215
2017-06-14,0.0
2017-06-15,0.0
2017-06-16,-0.007363831514005952
2017-06-19,0.04572420981277092
2017-06-20,0.0
2017-06-21,0.0
2017-06-22,0.00018174611144473665
2017-06-23,9.016231907550908e-05
2017-06-26,-0.00018082900205645266
2017-06-27,0.0
2017-06-28,0.03651725106296617
2017-06-29,9.016231907550908e-05
2017-06-30,-0.002220866559710965
2017-07-03,-0.021977909664638525
2017-07-05,0.028587617837103015
2017-07-06,0.0002721086310410871
2017-07-07,0.03265649995812142
2017-07-10,9.07442669533237e-05
2017-07-11,0.00018086484624970018
2017-07-12,9.124000544664671e-05
2017-07-13,-9.123168146753271e-05
2017-07-14,0.00027224560560553616
2017-07-17,0.0
2017-07-18,-9.043481457698226e-05
2017-07-19,0.0
2017-07-20,9.044299377235386e-05
2017-07-21,-9.043481457698226e-05
2017-07-24,9.044299377235386e-05
2017-07-25,-0.00045295443082469356
2017-07-26,0.00045315969151483635
2017-07-27,0.0
2017-07-28,0.00018130316134273242
2017-07-31,0.0001812702964649258
2017-08-01,-0.00011761798700585603
2017-08-02,9.041266838384278e-05
2017-08-03,0.00018167576302303615
2017-08-04,-9.07347198442032e-05
2017-08-07,0.0
2017-08-08,0.00018148590676131206
2017-08-09,-0.00036273264368493385
2017-08-10,9.041266838384278e-05
2017-08-11,0.020176523401508342
2017-08-14,0.00018077614670010303
2017-08-15,0.0
2017-08-16,0.00018143664027170787
2017-08-17,-9.113501470505045e-05
2017-08-18,-0.0037129318995950153
2017-08-21,-0.00012426258209170175
2017-08-22,0.04273827393471857
2017-08-23,0.00018133362258919634
2017-08-24,0.0
2017-08-25,9.104017427047023e-05
2017-08-28,0.0
2017-08-29,9.103188671163983e-05
2017-08-30,9.059056735677164e-05
2017-08-31,-0.00018159771697809623
2017-09-01,-0.00014525259183198857
2017-09-05,0.0003627077838285864
2017-09-06,-0.00036257627459156046
2017-09-07,0.00045366626795087343
2017-09-08,-9.091723803821381e-05
2017-09-11,0.00018115824371758884
2017-09-12,-0.00027168814702882864
2017-09-13,0.0
2017-09-14,9.058732717934187e-05
2017-09-15,9.092550473397146e-05
2017-09-18,-0.000272059011348636
2017-09-19,0.0
2017-09-20,0.0002721330475965204
2017-09-21,0.0
2017-09-22,9.022453527220838e-05
2017-09-25,-9.021639553984685e-05
2017-09-26,0.00820173338387144
2017-09-27,0.030181745979348733
2017-09-28,9.0987360029019e-05
2017-09-29,0.00018083282823062738
2017-10-02,3.591769050115564e-05
2017-10-03,0.0
2017-10-04,0.0071392146863844975
2017-10-05,-0.06784810126582279
2017-10-06,0.0005431830526887561
2017-10-09,0.04125950054288816
2017-10-10,-0.00018070709439782043
2017-10-11,0.000271715561329379
2017-10-12,-0.010826210826210826
2017-10-13,0.0
2017-10-16,0.0
2017-10-17,0.0
2017-10-18,0.00018058768094353472
2017-10-19,9.075336540125273e-05
2017-10-20,-0.036007580543272265
2017-10-23,0.06422018348623854
2017-10-24,0.0
2017-10-25,-8.998288854243554e-05
2017-10-26,8.999098619131582e-05
2017-10-27,-8.998288854243554e-05
2017-10-30,0.00018058768094353472
2017-10-31,0.0
2017-11-01,2.595425130636398e-07
2017-11-02,9.092637014403655e-05
2017-11-03,0.0
2017-11-06,0.0
2017-11-07,-9.091810329092392e-05
2017-11-08,0.0
2017-11-09,0.026052104208416832
2017-11-10,0.0
2017-11-13,9.022605302800537e-05
2017-11-14,0.0
2017-11-15,9.099639932783762e-05
2017-11-16,-0.00018119782400008856
2017-11-17,9.022605302800537e-05
2017-11-20,0.0
2017-11-21,9.099639932783762e-05
2017-11-22,9.064215730410158e-05
2017-11-24,9.037449374067986e-05
2017-11-27,9.088517665363028e-05
2017-11-28,0.0
2017-11-29,0.0
2017-11-30,0.0
2017-12-01,0.0550185873605948
2017-12-04,-9.10407514138767e-05
2017-12-05,9.104904058694726e-05
2017-12-06,0.0
2017-12-07,9.052200069356971e-05
2017-12-08,0.00018154631817150698
2017-12-11,0.0
2017-12-12,-0.0002720107428252953
2017-12-13,9.052200069356971e-05
2017-12-14,9.085960971345421e-05
2017-12-15,9.067846944770935e-05
2017-12-18,-0.00018151336508837626
2017-12-19,9.085960971345421e-05
2017-12-20,9.067846944770935e-05
2017-12-21,0.00010864871424575665
2017-12-22,0.0
2017-12-26,9.100609965574113e-05
2017-12-27,-9.099781829922054e-05
2017-12-28,0.00036316014316564504
2017-12-29,0.0
2018-01-02,-9.028190849906975e-05
2018-01-03,0.0
2018-01-04,0.0001812713358867996
2018-01-05,0.0
2018-01-08,-0.024471635150166853
2018-01-09,0.021664766248574687
2018-01-10,-0.020089285714285716
2018-01-11,-0.012528473804100227
2018-01-12,0.0
2018-01-16,0.1245674740484429
2018-01-17,9.09483346090284e-05
2018-01-18,0.009635974304068522
2018-01-19,-0.009544008483563097
2018-01-22,-0.044967880085653104
2018-01-23,0.03699551569506727
2018-01-24,0.04864864864864865
2018-01-25,0.03711340206185567
2018-01-26,-0.013916500994035786
2018-01-29,0.14213709677419356
2018-01-30,0.0
2018-01-31,0.00045345852114857856
2018-02-01,-0.00045368441270475117
2018-02-02,0.0001815388695178369
2018-02-05,0.00027238834084688434
2018-02-06,0.08513726746416049
2018-02-07,0.0
2018-02-08,-0.10987372766964887
2018-02-09,0.05437908853239333
2018-02-12,0.05503137798699811
2018-02-13,-0.00018150591913846571
2018-02-14,0.0
2018-02-15,0.0001815388695178369
2018-02-16,0.00018159222723125622
2018-02-20,-9.052075147238603e-05
2018-02-21,0.000181316793145414
2018-02-22,0.0
2018-02-23,9.025368100845977e-05
2018-02-26,-9.024553601663968e-05
2018-02-27,9.025368100845977e-05
2018-02-28,0.0
2018-03-01,0.00021810775817405844
2018-03-02,-9.048463102584298e-05
2018-03-05,0.0
2018-03-06,9.049281923520196e-05
2018-03-07,9.082966298399681e-05
2018-03-08,0.00027203299033946507
2018-03-09,0.0
2018-03-12,0.0
2018-03-13,9.088294070293385e-05
2018-03-14,-9.087468174462145e-05
2018-03-15,-9.027935381021986e-05
2018-03-16,0.00027172485956498667
2018-03-19,-9.052161138813598e-05
2018-03-20,0.0
2018-03-21,0.00036315385152594455
2018-03-22,-0.0002725250767026224
2018-03-23,-0.0788213422111035
2018-03-26,0.11427002356379487
2018-03-27,0.00036216014304377587
2018-03-28,-0.019914956664806728
2018-03-29,0.05661816310207406
2018-04-02,-0.06931833994215138
2018-04-03,0.028552666971799447
2018-04-04,0.041092130874988066
2018-04-05,9.017872700194836e-05
2018-04-06,0.0
2018-04-09,0.021210623194277935
2018-04-10,0.07265098732779958
2018-04-11,9.059294720127643e-05
2018-04-12,0.0
2018-04-13,9.075695519887096e-05
2018-04-16,0.0
2018-04-17,0.0
2018-04-18,0.0
2018-04-19,9.031822235140951e-05
2018-04-20,9.099879833374915e-05
2018-04-23,0.0
2018-04-24,9.030184834712753e-05
2018-04-25,9.084760047820955e-05
2018-04-26,0.05414015595360323
2018-04-27,0.00018082911829064583
2018-04-30,0.0
2018-05-01,0.00011806411001647476
2018-05-02,0.0
2018-05-03,0.0
2018-05-04,0.00018137737878196143
2018-05-07,9.050018990415324e-05
2018-05-08,-9.049200036093577e-05
2018-05-09,9.050018990415324e-05
2018-05-10,9.05780193726857e-05
2018-05-11,9.082784940123288e-05
2018-05-14,-9.081960045224032e-05
2018-05-15,0.00018139766513939408
2018-05-16,-9.05533895647237e-05
2018-05-17,0.00027220079112816347
2018-05-18,0.0
2018-05-21,-9.088086601813094e-05
2018-05-22,0.0
2018-05-23,0.0003624386627380551
2018-05-24,0.0
2018-05-25,0.000272396675574356
2018-05-29,0.0002716350297647027
2018-05-30,-0.0001811840260121499
2018-05-31,9.030769058918249e-05
2018-06-01,-1.7613134965329188e-05
2018-06-04,9.004336859802819e-05
2018-06-05,0.0
2018-06-06,0.0
2018-06-07,9.115211113787731e-05
2018-06-08,9.071428479388915e-05
2018-06-11,9.010478525126393e-05
2018-06-12,0.0
2018-06-13,0.0
2018-06-14,0.0001813957682909547
2018-06-15,9.068143491692086e-05
2018-06-18,0.0
2018-06-19,0.0001811746955105941
2018-06-20,-9.048508936218142e-05
2018-06-21,0.0003628316806147086
2018-06-22,0.0
2018-06-25,9.046045573531305e-05
2018-06-26,0.011186761598646323
2018-06-27,-0.0403922535046532
2018-06-28,0.035128627714585366
2018-06-29,-0.00366250786494068
2018-07-02,9.264999046906117e-06
2018-07-03,9.067604870667816e-05
2018-07-05,0.041140653536889234
2018-07-06,0.0
2018-07-09,0.0
2018-07-10,0.0
2018-07-11,0.00018138858752749773
2018-07-12,9.063497215139728e-05
2018-07-13,0.0
2018-07-16,9.028379979391629e-05
2018-07-17,0.0
2018-07-18,9.113296797272012e-05
2018-07-19,0.0
2018-07-20,9.043887112400858e-05
2018-07-23,9.077355785974294e-05
2018-07-24,0.0
2018-07-25,9.042248470360109e-05
2018-07-26,0.00018108572073530915
2018-07-27,-9.031225419043718e-05
2018-07-30,9.03204112303748e-05
2018-07-31,0.008387294709735527
2018-08-01,4.463795363855869e-05
2018-08-02,0.00018171376902886285
2018-08-03,0.00018133812287546584
2018-08-06,-9.035287379090941e-05
2018-08-07,9.036103817038683e-05
2018-08-08,0.0
2018-08-09,0.00018104831771941467
2018-08-10,0.00018135805328655814
2018-08-13,-9.049136124262702e-05
2018-08-14,0.00018091348208708232
2018-08-15,0.0
2018-08-16,9.116801117368842e-05
2018-08-17,0.00018146344102275535
2018-08-20,9.045851770924458e-05
2018-08-21,9.019361762920685e-05
2018-08-22,9.052774337352748e-05
2018-08-23,-9.051954884303953e-05
2018-08-24,9.052774337352748e-05
2018-08-27,0.0
2018-08-28,9.06906633021001e-05
2018-08-29,9.051134030955049e-05
2018-08-30,9.033206529126403e-05
2018-08-31,9.100817816253633e-05
2018-09-04,0.00011785512902014921
2018-09-05,9.064710832731371e-05
2018-09-06,9.07244005626794e-05
2018-09-07,9.037416786510052e-05
2018-09-10,0.008683928954715647
2018-09-11,0.0
2018-09-12,9.10417017155847e-05
2018-09-13,-9.10334138786722e-05
2018-09-14,9.10417017155847e-05
2018-09-17,0.00018121205391810806
2018-09-18,-9.076053482397114e-05
2018-09-19,-9.042689442848109e-05
2018-09-20,0.00018121205391810806
2018-09-21,0.0001810937601619537
2018-09-24,0.0
2018-09-25,0.0
2018-09-26,0.00018071918545633516
2018-09-27,0.00018162627276148394
2018-09-28,9.028415250043968e-05
2018-10-01,0.00010906570914319107
2018-10-02,-9.060775084832681e-05
2018-10-03,0.00018148814126592804
2018-10-04,0.00018145520929726966
2018-10-05,-0.03963024288075078
2018-10-08,-0.033820846288731186
2018-10-09,0.009963568879744788
2018-10-10,-0.1383756693453896
2018-10-11,-0.04335541643916525
2018-10-12,0.0931939813621718
2018-10-15,-0.04875568832013533
2018-10-16,0.09007917708922777
2018-10-17,-0.00018125482098142317
2018-10-18,0.00045296314457308416
2018-10-19,0.0
2018-10-22,0.02394161173495439
2018-10-23,-0.010985719473051296
2018-10-24,9.033864451768974e-05
2018-10-25,0.09663457479590849
2018-10-26,9.074052627117329e-05
2018-10-29,0.0
2018-10-30,9.03911943286177e-05
2018-10-31,9.03830244990862e-05
2018-11-01,0.00014536710351825905
2018-11-02,-9.10436957739102e-05
2018-11-05,9.105198548317615e-05
2018-11-06,-9.10436957739102e-05
2018-11-07,0.00018167769762607525
2018-11-08,9.086496800888261e-05
2018-11-09,9.077148087917932e-05
2018-11-12,0.00036228595534704155
2018-11-13,-9.073037182584266e-05
2018-11-14,9.073860457317455e-05
2018-11-15,9.04747933136572e-05
2018-11-16,9.089253401740401e-05
2018-11-19,0.00018159819185440117
2018-11-20,9.044196227718554e-05
2018-11-21,0.0
2018-11-23,0.0002713865040266451
2018-11-26,0.0
2018-11-27,9.066464077307228e-05
2018-11-28,9.048617464036002e-05
2018-11-29,9.07333347292308e-05
2018-11-30,9.055488698511802e-05
2018-12-03,9.046158726981653e-05
2018-12-04,0.0
2018-12-06,0.00027212604728747426
2018-12-07,9.076907437236844e-05
2018-12-10,9.025046588294217e-05
2018-12-11,-9.024232147138702e-05
2018-12-12,0.00018101130197822895
2018-12-13,0.00018140377435513637
2018-12-14,9.064292105571282e-05
2018-12-17,0.00018126941132248534
2018-12-18,9.962910261296023e-05
2018-12-19,9.043925342396299e-05
2018-12-20,0.0001819670407629119
2018-12-21,-0.09550275062139102
2018-12-24,-0.07832142845160489
2018-12-26,0.17821926418292078
2018-12-27,0.00045373168823025097
2018-12-28,0.0001814103636615338
2018-12-31,-0.0001813774599105714
2019-01-02,9.053532193969804e-05
2019-01-03,0.0003627878822053563
2019-01-04,0.00027182245324772653
2019-01-07,0.0
2019-01-08,-9.046970410635707e-05
2019-01-09,-9.107202209765433e-05
2019-01-10,0.00027247699670251903
2019-01-11,0.00027129958441180646
2019-01-14,9.077629683272168e-05
2019-01-15,9.051356736448923e-05
2019-01-16,-0.00018126521764761516
2019-01-17,0.0002714805138922518
2019-01-18,0.0002720005346714595
2019-01-22,-9.05573985945797e-05
2019-01-23,0.0
2019-01-24,0.0003620928014170294
2019-01-25,0.0
2019-01-28,0.0
2019-01-29,-9.036328158410732e-05
2019-01-30,0.00027119911975157857
2019-01-31,0.0003621505624224508
2019-02-01,7.252250294474403e-05
2019-02-04,0.0
2019-02-05,-9.090070398486491e-05
2019-02-06,0.0002723880065908578
2019-02-07,9.003720154213482e-05
2019-02-08,0.0001814132857198271
2019-02-11,0.0
2019-02-12,-9.060551240550353e-05
2019-02-13,9.061372250826236e-05
2019-02-14,0.0002714778250206022
2019-02-15,0.00018150046365580198
2019-02-19,8.997200626401528e-05
2019-02-20,0.0
2019-02-21,0.0002719229062592117
2019-02-22,0.0
2019-02-25,0.0
2019-02-26,0.0
2019-02-27,0.0002715105479605742
2019-02-28,0.0
2019-03-01,0.0001356761319377639
2019-03-04,0.00018115888403759343
2019-03-05,-9.030935774910522e-05
2019-03-06,0.0001813961311799315
2019-03-07,0.00018127868096761554
2019-03-08,0.0001808231434687509
2019-03-11,-0.00018079045237084408
2019-03-12,0.0001808231434687509
2019-03-13,0.00018129757846445092
2019-03-14,0.0
2019-03-15,0.0002715167977885198
2019-03-18,-0.00018121551255477123
2019-03-19,0.00027191478538757995
2019-03-20,9.021940548452889e-05
2019-03-21,9.071807154665697e-05
2019-03-22,0.17435762978500263
2019-03-25,0.0
2019-03-26,0.00018128604506127672
2019-03-27,-9.049996078616438e-05
2019-03-28,0.00027152445531105127
2019-03-29,9.039917693701761e-05
2019-04-01,-8.43986980994426e-08
2019-04-02,0.00027159503340627353
2019-04-03,-0.00018098606778531526
2019-04-04,0.00045318000714961084
2019-04-05,-9.042623994029169e-05
2019-04-08,0.00018095319563343488
2019-04-09,-0.00018092045749849508
2019-04-10,0.0002713032527539052
2019-04-11,0.00027207304309397485
2019-04-12,0.0
2019-04-15,-9.097550018819028e-05
2019-04-16,0.0001815459433925751
2019-04-17,0.0002712999550643642
2019-04-18,-9.035260102550202e-05
2019-04-22,0.0
2019-04-23,0.0
2019-04-24,0.03414634146341464
2019-04-25,0.00018057186595955745
2019-04-26,-0.04954128440366973
2019-04-29,0.023809523809523808
2019-04-30,-0.0009428032683846638
2019-05-01,0.0001631697900863191
2019-05-02,0.00018125147235237038
2019-05-03,0.0
2019-05-06,9.103036009875741e-05
2019-05-07,9.03484604554977e-05
2019-05-08,0.0
2019-05-09,-0.020216704078092215
2019-05-10,0.008226502043355599
2019-05-13,-0.11249327100353394
2019-05-14,0.048455242726021266
2019-05-15,0.029971632263307752
2019-05-16,0.00027129442446200563
2019-05-17,0.0
2019-05-20,-9.035086420517487e-05
2019-05-21,0.035879467156834356
2019-05-22,9.067915066778297e-05
2019-05-23,-0.05223767117126883
2019-05-24,0.0009108992803278287
2019-05-28,-0.011453299546538573
2019-05-29,-0.017417115107515407
2019-05-30,0.018428710858946474
2019-05-31,-0.049302417199290655
2019-06-03,-0.05387513456233459
2019-06-04,0.09956511812005463
2019-06-05,0.04201910728765621
2019-06-06,0.00018089352837026101
2019-06-07,9.068230119101966e-05
2019-06-10,0.0001808444124323901
2019-06-11,-9.015402992291159e-05
2019-06-12,9.016215840483833e-05
2019-06-13,0.000452784764808366
2019-06-14,9.053274957189924e-05
2019-06-17,0.0
2019-06-18,0.0
2019-06-19,0.0
2019-06-20,0.0005427278412419129
2019-06-21,-9.055930179449126e-05
2019-06-24,0.0
2019-06-25,0.0
2019-06-26,0.00018063185425139374
2019-06-27,0.00027073116110633717
2019-06-28,-0.0001802988887855097
2019-07-01,8.098565070084027e-05
2019-07-02,0.00018165806787741307
2019-07-03,0.00027164137772886016
2019-07-05,-0.00027156760872947835
2019-07-08,0.00018078693358875388
2019-07-09,0.0
2019-07-10,0.00018125704905982227
2019-07-11,0.00018088906598906856
2019-07-12,-0.00018085635105264848
2019-07-15,0.00027129170712024273
2019-07-16,-0.0001810912886043993
2019-07-17,0.0002717699090726916
2019-07-18,0.00027119354978118583
2019-07-19,-9.026170031943263e-05
2019-07-22,0.0002710607594792552
2019-07-23,-9.041281738980038e-05
2019-07-24,0.0
2019-07-25,9.042099260649311e-05
2019-07-26,9.066396410477205e-05
2019-07-29,0.0
2019-07-30,9.04046209484918e-05
2019-07-31,0.0
2019-08-01,0.00045273554719816206
2019-08-02,0.0001808784081294554
2019-08-05,-0.12218926403117786
2019-08-06,0.0505278172048415
2019-08-07,0.0184218343177537
2019-08-08,0.07215685892617324
2019-08-09,9.020652277597657e-05
2019-08-12,9.053276399955862e-05
2019-08-13,0.07425341987389082
2019-08-14,0.00018098193357252485
2019-08-15,-0.005557082133729049
2019-08-16,0.05445002451990091
2019-08-19,0.0
2019-08-20,0.000180967287698051
2019-08-21,0.0
2019-08-22,0.0
2019-08-23,0.0002709006129721548
2019-08-26,0.03967251381083854
2019-08-27,9.012500563803325e-05
2019-08-28,0.0
2019-08-29,0.00018081839994674834
2019-08-30,-9.026759959330313e-05
2019-09-03,0.00025379093422706045
2019-09-04,0.00018058917657179794
2019-09-05,-0.0001805565700094953
2019-09-06,0.0002712594704955023
2019-09-09,-9.064570541765008e-05
2019-09-10,-0.0001805565700094953
2019-09-11,0.00018058917657179794
2019-09-12,9.065392280643175e-05
2019-09-13,0.0
2019-09-16,0.0
2019-09-17,0.0
2019-09-18,9.039530291649636e-05
2019-09-19,0.0
2019-09-20,9.038713234428835e-05
2019-09-23,9.096313013978196e-05
2019-09-24,9.020385319819389e-05
2019-09-25,0.03569419441221331
2019-09-26,0.0001808757288632778
2019-09-27,9.075516808140739e-05
2019-09-30,0.030840596094791242
2019-10-01,0.00012708948158582654
2019-10-02,0.0003618754989858731
2019-10-03,0.03720421288590534
2019-10-04,0.04923427568913349
2019-10-07,-9.045399660489336e-05
2019-10-08,0.0
2019-10-09,0.042835020377855165
2019-10-10,0.0003616821200669687
2019-10-11,-0.0002711218808597528
2019-10-14,0.00018124115710151746
2019-10-15,0.0
2019-10-16,0.00018079193529730613
2019-10-17,0.0003614352501363396
2019-10-18,0.0
2019-10-21,-9.063828076576613e-05
2019-10-22,0.0
2019-10-23,0.0
2019-10-24,9.064649680839428e-05
2019-10-25,0.00018086040780900808
2019-10-28,0.0
2019-10-29,0.0
2019-10-30,9.037224377138851e-05
2019-10-31,0.00045182038683480266
2019-11-01,-3.642872113564459e-05
2019-11-04,9.040973158041035e-05
2019-11-05,-0.0001805536184783114
2019-11-06,9.016834029864353e-05
2019-11-07,9.040973158041035e-05
2019-11-08,9.0567890613948e-05
2019-11-11,-9.055968881395746e-05
2019-11-12,0.00018105261512081248
2019-11-13,0.0
2019-11-14,0.00027115558177215847
2019-11-15,0.0
2019-11-18,-0.0024813895781637717
2019-11-19,0.014925373134328358
2019-11-20,0.013480392156862746
2019-11-21,8.995314039964301e-05
2019-11-22,9.094259169926898e-05
2019-11-25,8.993687046788202e-05
2019-11-26,0.0
2019-11-27,9.059369037387184e-05
2019-11-29,0.02912621359223301
2019-12-02,8.136809438167021e-05
2019-12-03,0.0003623452781506961
2019-12-04,-9.055350790166587e-05
2019-12-05,9.056170858205954e-05
2019-12-06,0.00018102393919057792
2019-12-09,-9.037099536258912e-05
2019-12-10,0.0
2019-12-11,9.037916301751104e-05
2019-12-12,9.045405693920914e-05
2019-12-13,0.0002716698434846163
2019-12-16,-9.058737401318092e-05
2019-12-17,0.00018094204457036852
2019-12-18,0.0
2019-12-19,0.0
2019-12-20,0.00018132443050305325
2019-12-23,0.00625
2019-12-24,-0.015527950310559006
2019-12-26,-0.0031545741324921135
2019-12-27,0.030854430379746837
2019-12-30,0.05448963929393707
2019-12-31,0.0001810763286517108
2020-01-02,0.00018079463181824555
2020-01-03,0.07254740313272877
2020-01-06,-9.017358456506965e-05
2020-01-07,0.00018069528859020423
2020-01-08,9.041427072305453e-05
2020-01-09,0.0
2020-01-10,-9.040609672175052e-05
2020-01-13,9.041427072305453e-05
2020-01-14,0.0
2020-01-15,0.0001814757244286148
2020-01-16,0.0001805306074013237
2020-01-17,0.0
2020-01-21,0.011299435028248588
2020-01-22,0.008379888268156424
2020-01-23,-0.006463527239150508
2020-01-24,0.08921933085501858
2020-01-27,9.042356436429706e-05
2020-01-28,0.0
2020-01-29,9.049826254938246e-05
2020-01-30,9.090440519267177e-05
2020-01-31,0.00018063226097152481
2020-02-03,8.864294200456818e-06
2020-02-04,-0.00018076372424966072
2020-02-05,9.006677038293044e-05
2020-02-06,-9.005865909036114e-05
2020-02-07,0.0002711946085219239
2020-02-10,0.0
2020-02-11,9.053936528177333e-05
2020-02-12,-9.05311686472258e-05
2020-02-13,0.00018107873056354666
2020-02-14,9.04401528438583e-05
2020-02-18,0.0
2020-02-19,9.084603997805451e-05
2020-02-20,0.0
2020-02-21,0.0003616122324466947
2020-02-24,0.0
2020-02-25,-0.09464983055744351
2020-02-26,0.010044132065740778
2020-02-27,-0.1624263294919166
2020-02-28,0.0270107873091814
2020-03-02,0.17167636090672253
2020-03-03,0.0009042601453063337
2020-03-04,0.00036078285421177654
2020-03-05,0.0009030348391369126
2020-03-06,0.00027144110573167025
2020-03-09,0.0006308551215206007
2020-03-10,0.18992569125413977
2020-03-11,0.00018018099700426425
2020-03-12,0.00018039576804219332
2020-03-13,0.3551452604764567
2020-03-16,0.0002702133919174872
2020-03-17,0.08542048551534992
2020-03-18,0.0010822772121152093
2020-03-19,-0.00027064719993329306
2020-03-20,0.00027072046967037395
2020-03-23,-0.00027064719993329306
2020-03-24,0.00036104296213643243
2020-03-25,0.000269882007487559
2020-03-26,-0.00018003736186678667
2020-03-27,0.0
2020-03-30,-0.00026977547652035723
2020-03-31,0.0
2020-04-01,0.0003061518409406591
2020-04-02,0.0
2020-04-03,-0.0003605379710427357
2020-04-06,9.022874551171678e-05
2020-04-07,0.00045102070702825924
2020-04-08,-0.0005409973110582319
2020-04-09,0.00018045749102343355
2020-04-13,-9.021246599644401e-05
2020-04-14,0.00018011193775831924
2020-04-15,-8.987514515206306e-05
2020-04-16,8.988322341981465e-05
2020-04-17,0.0
2020-04-20,9.02866613844443e-05
2020-04-21,0.0
2020-04-22,0.0
2020-04-23,-0.00018014554179697522
2020-04-24,0.00018017800006041602
2020-04-27,-0.00027034175641985547
2020-04-28,0.00027041486084829924
2020-04-29,-0.00027034175641985547
2020-04-30,0.00018011193775831924
2020-05-01,8.971053865911058e-06
2020-05-04,-8.995664139266378e-05
2020-05-05,8.996473431800681e-05
2020-05-06,-0.00018024249281787163
2020-05-07,0.0
2020-05-08,9.030212770581229e-05
2020-05-11,-0.00018042332811076938
2020-05-12,9.014561851543255e-05
2020-05-13,0.0
2020-05-14,9.030212770581229e-05
2020-05-15,8.996473431800681e-05
2020-05-18,0.0
2020-05-19,0.0
2020-05-20,0.0
2020-05-21,-8.995664139266378e-05
2020-05-22,8.996473431800681e-05
2020-05-26,-8.995664139266378e-05
2020-05-27,-9.029397396784398e-05
2020-05-28,9.030212770581229e-05
2020-05-29,-0.00018042332811076938
2020-06-01,9.93659922813946e-05
2020-06-02,0.0
2020-06-03,-9.071287810066001e-05
2020-06-04,-9.006251524024052e-05
2020-06-05,0.0
2020-06-08,0.0
2020-06-09,0.07446434843695118
2020-06-10,0.0
2020-06-11,0.5016479894528675
2020-06-12,0.0
2020-06-15,-0.00018076722351093413
2020-06-16,0.0
2020-06-17,0.0
2020-06-18,9.007062722747789e-05
2020-06-19,0.0
2020-06-22,0.0
2020-06-23,9.072110767344155e-05
2020-06-24,-9.071287810066001e-05
2020-06-25,0.0
2020-06-26,9.072110767344155e-05
2020-06-29,-9.071287810066001e-05
2020-06-30,0.00018086594696783222
2020-07-01,-0.00018083324039256535
2020-07-02,0.0
2020-07-06,9.072110767344155e-05
2020-07-07,0.0
2020-07-08,-9.071287810066001e-05
2020-07-09,9.072110767344155e-05
2020-07-10,0.0
2020-07-13,9.013666199657234e-05
2020-07-14,0.0
2020-07-15,0.0
2020-07-16,-9.012853811099638e-05
2020-07-17,0.0
2020-07-20,9.013666199657234e-05
2020-07-21,0.0
2020-07-22,-9.012853811099638e-05
2020-07-23,0.0
2020-07-24,0.0
2020-07-27,9.013666199657234e-05
2020-07-28,0.0
2020-07-29,-9.012853811099638e-05
2020-07-30,0.0
2020-07-31,9.013666199657234e-05
2020-08-03,5.432405036827179e-05
2020-08-04,0.0
2020-08-05,-9.037055631801712e-05
2020-08-06,0.0
2020-08-07,0.0
2020-08-10,0.0
2020-08-11,0.0
2020-08-12,-9.037872389357469e-05
2020-08-13,0.0
2020-08-14,9.038689294561582e-05
2020-08-17,9.037872389357469e-05
2020-08-18,-9.037055631801712e-05
2020-08-19,0.0
2020-08-20,0.0
2020-08-21,0.0
2020-08-24,0.0
2020-08-25,-9.037872389357469e-05
2020-08-26,0.0
2020-08-27,0.04529788281634663
2020-08-28,-0.005652378709373528
2020-08-31,0.0729512079583136
2020-09-01,0.026048565121412803
2020-09-02,0.03614457831325301
2020-09-03,0.20016611295681064
2020-09-04,0.0
2020-09-08,0.0
2020-09-09,0.09284831313387115
2020-09-10,0.0
2020-09-11,-0.027040095384289184
2020-09-14,0.06341097759557553
2020-09-15,0.0
2020-09-16,0.0
2020-09-17,0.0
2020-09-18,-0.05152751296814782
2020-09-21,0.02625122523079614
2020-09-22,0.04912743581784566
2020-09-23,0.0
2020-09-24,0.014589704934549547
2020-09-25,0.07415780059649345
2020-09-28,0.0
2020-09-29,9.04659581291607e-05
2020-09-30,-9.0457774779895e-05
2020-10-01,0.00011746580732512494
2020-10-02,-8.99614910495724e-05
2020-10-05,0.0
2020-10-06,8.99695848475744e-05
2020-10-07,-8.99614910495724e-05
2020-10-08,0.0
2020-10-09,0.0
2020-10-12,8.99695848475744e-05
2020-10-13,0.0
2020-10-14,-0.00018066374460549994
2020-10-15,9.071864312570015e-05
2020-10-16,0.0
2020-10-19,-9.07104140000247e-05
2020-10-20,0.0
2020-10-21,0.0
2020-10-22,0.0
2020-10-23,0.0
2020-10-26,0.0
2020-10-27,0.0
2020-10-28,0.0
2020-10-29,0.05115946296012635
2020-10-30,8.99695848475744e-05
2020-11-02,0.0057696585080078775
2020-11-03,0.05577728562117673
2020-11-04,-0.00018132705062127768
2020-11-05,9.072113007903523e-05
2020-11-06,0.0
2020-11-09,-9.071290050218892e-05
2020-11-10,0.0
2020-11-11,9.072113007903523e-05
2020-11-12,0.0
2020-11-13,0.0
2020-11-16,0.0
2020-11-17,0.0
2020-11-18,0.0
2020-11-19,0.0
2020-11-20,0.0
2020-11-23,0.0
2020-11-24,0.0
2020-11-25,0.0
2020-11-27,9.063058389556262e-05
2020-11-30,-0.00018132705062127768
2020-12-01,1.8522916758423708e-05
2020-12-02,0.0
2020-12-03,0.0
2020-12-04,9.03078369420795e-05
2020-12-07,0.0
2020-12-08,-9.029968217310588e-05
2020-12-09,9.03078369420795e-05
2020-12-10,9.079357286867438e-05
2020-12-11,-9.078533014418653e-05
2020-12-14,0.0
2020-12-15,-9.029968217310588e-05
2020-12-16,9.03078369420795e-05
2020-12-17,0.0
2020-12-18,0.0
2020-12-21,0.0
2020-12-22,-9.029968217310588e-05
2020-12-23,9.03078369420795e-05
2020-12-24,0.0
2020-12-28,-9.029968217310588e-05
2020-12-29,9.03078369420795e-05
2020-12-30,0.0
2020-12-31,9.079357286867438e-05
2021-01-04,-9.078533014418653e-05
2021-01-05,0.0
2021-01-06,9.079357286867438e-05
2021-01-07,0.0
2021-01-08,-9.078533014418653e-05
2021-01-11,-9.029968217310588e-05
2021-01-12,0.0
2021-01-13,0.0
2021-01-14,0.0
2021-01-15,0.0
2021-01-19,0.0
2021-01-20,0.0
2021-01-21,0.0
2021-01-22,0.0
2021-01-25,0.0
2021-01-26,0.0
2021-01-27,9.03078369420795e-05
2021-01-28,-9.029968217310588e-05
2021-01-29,9.03078369420795e-05
2021-02-01,-9.029968217310588e-05
2021-02-02,0.0
2021-02-03,0.0001811096091819279
2021-02-04,-9.078533014418653e-05
2021-02-05,9.079357286867438e-05
2021-02-08,-9.078533014418653e-05
2021-02-09,9.079357286867438e-05
2021-02-10,0.0
2021-02-11,-9.078533014418653e-05
2021-02-12,0.0
2021-02-16,0.0
2021-02-17,0.0
2021-02-18,0.0
2021-02-19,0.0
2021-02-22,0.0
2021-02-23,-0.008864118422496799
2021-02-24,0.045947123023462245
2021-02-25,-9.029968217310588e-05
2021-02-26,0.01611067485690009
2021-03-01,0.09132913682241559
2021-03-02,-9.029968217310588e-05
2021-03-03,9.03078369420795e-05
2021-03-04,-0.0653241225050552
2021-03-05,0.057182399384868
2021-03-08,-0.07238038007799835
2021-03-09,0.10028178771324507
2021-03-10,-9.029968217310588e-05
2021-03-11,0.0
2021-03-12,0.0
2021-03-15,0.0
2021-03-16,0.0
2021-03-17,9.03078369420795e-05
2021-03-18,0.0
2021-03-19,0.0
2021-03-22,9.079357286867438e-05
2021-03-23,-9.078533014418653e-05
2021-03-24,0.0
2021-03-25,0.0
2021-03-26,0.0
2021-03-29,0.0
2021-03-30,-9.029968217310588e-05
2021-03-31,0.0
2021-04-01,0.0
2021-04-05,0.0
2021-04-06,0.0001811096091819279
2021-04-07,-9.078533014418653e-05
2021-04-08,0.0
2021-04-09,9.079357286867438e-05
2021-04-12,-9.078533014418653e-05
2021-04-13,0.0
2021-04-14,0.0
2021-04-15,-9.029968217310588e-05
2021-04-16,0.0
2021-04-19,0.05803571428571429
2021-04-20,0.0
2021-04-21,0.0
2021-04-22,0.0
2021-04-23,9.03078369420795e-05
2021-04-26,-9.029968217310588e-05
2021-04-27,0.0
2021-04-28,0.0
2021-04-29,0.0
2021-04-30,0.0
2021-05-03,0.0
2021-05-04,9.03078369420795e-05
2021-05-05,-0.006484951796023765
2021-05-06,0.030385078862935382
2021-05-07,0.0
2021-05-10,-9.029968217310588e-05
2021-05-11,-0.00829509858467917
2021-05-12,-0.08526959534040572
2021-05-13,0.03937028382114157
2021-05-14,0.06500503801447666
2021-05-17,0.0
2021-05-18,0.0
2021-05-19,0.010336422488808015
2021-05-20,0.05686411945049859
2021-05-21,9.03078369420795e-05
2021-05-24,0.0
2021-05-25,0.0
2021-05-26,0.0
2021-05-27,0.0
2021-05-28,-9.029968217310588e-05
2021-06-01,-9.06371271405921e-05
2021-06-02,9.064534297406794e-05
2021-06-03,-9.06371271405921e-05
2021-06-04,9.064534297406794e-05
2021-06-07,-9.06371271405921e-05
2021-06-08,9.064534297406794e-05
2021-06-09,-0.00018119193173155604
2021-06-10,9.05712153644351e-05
2021-06-11,-9.056301296228404e-05
2021-06-14,0.0
2021-06-15,9.05712153644351e-05
2021-06-16,0.0
2021-06-17,0.0
2021-06-18,-0.0001807967058774325
2021-06-21,9.025000981962927e-05
2021-06-22,-9.024186549038261e-05
2021-06-23,9.025000981962927e-05
2021-06-24,9.05712153644351e-05
2021-06-25,-0.0001807967058774325
2021-06-28,9.025000981962927e-05
2021-06-29,0.0
2021-06-30,0.0
2021-07-01,0.0
2021-07-02,0.0
2021-07-06,0.033542204201990417
2021-07-07,0.0042796005706134095
2021-07-08,0.09694602272727272
2021-07-09,0.0
2021-07-12,-9.024186549038261e-05
2021-07-13,9.025000981962927e-05
2021-07-14,0.0
2021-07-15,-9.024186549038261e-05
2021-07-16,0.0
2021-07-19,0.0
2021-07-20,9.025000981962927e-05
2021-07-21,-9.024186549038261e-05
2021-07-22,0.0
2021-07-23,9.025000981962927e-05
2021-07-26,-9.024186549038261e-05
2021-07-27,0.0
2021-07-28,9.025000981962927e-05
2021-07-29,0.0
2021-07-30,0.0
2021-08-02,0.0
2021-08-03,0.0
2021-08-04,-9.024186549038261e-05
2021-08-05,0.0
2021-08-06,9.025000981962927e-05
2021-08-09,-9.024186549038261e-05
2021-08-10,0.0
2021-08-11,-9.057938941751112e-05
2021-08-12,0.0
2021-08-13,0.0
2021-08-16,0.0
2021-08-17,9.058759478653569e-05
2021-08-18,-9.057938941751112e-05
2021-08-19,0.02961610678605362
2021-08-20,9.058759478653569e-05
2021-08-23,-9.057938941751112e-05
2021-08-24,0.0
2021-08-25,9.058759478653569e-05
2021-08-26,-9.057938941751112e-05
2021-08-27,0.0
2021-08-30,0.0
2021-08-31,0.0
2021-09-01,0.0
2021-09-02,9.058759478653569e-05
2021-09-03,-9.057938941751112e-05
2021-09-07,0.0
2021-09-08,9.058759478653569e-05
2021-09-09,0.0
2021-09-10,-9.057938941751112e-05
2021-09-13,0.0
2021-09-14,0.0
2021-09-15,0.0
2021-09-16,9.058759478653569e-05
2021-09-17,-9.057938941751112e-05
2021-09-20,0.0
2021-09-21,0.0
2021-09-22,0.042465271726294565
2021-09-23,0.03962590014999305
2021-09-24,-9.034053770984513e-05
2021-09-27,0.0
2021-09-28,0.0
2021-09-29,-0.004129494845974687
2021-09-30,-0.021423515833971254
2021-10-01,0.04378513462847959
2021-10-04,-0.06985777635851836
2021-10-05,0.0429166942675959
2021-10-06,0.020401211179074133
2021-10-07,0.027511927325011436
2021-10-08,0.0
2021-10-11,-9.034053770984513e-05
2021-10-12,-0.015050350278177473
2021-10-13,0.017537566859317226
2021-10-14,0.0
2021-10-15,-0.00018117518957307138
2021-10-18,0.0
2021-10-19,0.0
2021-10-20,9.085111183063507e-05
2021-10-21,-9.084285865592431e-05
2021-10-22,9.085111183063507e-05
2021-10-25,-9.084285865592431e-05
2021-10-26,9.085111183063507e-05
2021-10-27,0.0
2021-10-28,0.0
2021-10-29,-0.00018110919871657078
2021-11-01,0.0
2021-11-02,9.028269108648711e-05
2021-11-03,-9.027454085800186e-05
2021-11-04,0.021189336978810664
2021-11-05,0.05421686746987952
2021-11-08,0.0012698412698412698
2021-11-09,0.02663284717818643
2021-11-10,0.0
2021-11-11,0.0
2021-11-12,9.028269108648711e-05
2021-11-15,-9.027454085800186e-05
2021-11-16,0.0
2021-11-17,9.028269108648711e-05
2021-11-18,9.085111183063507e-05
2021-11-19,-9.084285865592431e-05
2021-11-22,-9.027454085800186e-05
2021-11-23,9.028269108648711e-05
2021-11-24,-0.00018096091812502745
2021-11-26,0.0
2021-11-29,9.07027909273483e-05
2021-11-30,-0.00045281382564089386
2021-12-01,0.00027171248089070927
2021-12-02,0.02783908420885945
2021-12-03,-9.053802654782541e-05
2021-12-06,0.030125241029375242
2021-12-07,-9.054622442429615e-05
2021-12-08,-9.055442378547484e-05
2021-12-09,0.00018112524926352974
2021-12-10,-9.054622442429615e-05
2021-12-13,9.055442378547484e-05
2021-12-14,0.0
2021-12-15,-9.054622442429615e-05
2021-12-16,0.00018110884757094968
2021-12-17,-9.053802654782541e-05
2021-12-20,-9.054622442429615e-05
2021-12-21,0.07466281193542812
2021-12-22,0.0
2021-12-23,0.0
2021-12-27,0.0
2021-12-28,-9.054622442429615e-05
2021-12-29,9.055442378547484e-05
2021-12-30,0.0
2021-12-31,0.0
2022-01-03,-0.0001810924488485923
2022-01-04,0.0
2022-01-05,-0.0001812900584075366
2022-01-06,-0.01577526544770428
2022-01-07,-0.029319837135646218
2022-01-10,0.0020136970794531746
2022-01-11,0.0365755683379923
2022-01-12,9.074388473993635e-05
2022-01-13,0.0
2022-01-14,0.02375690922235315
2022-01-18,-0.07191032915119959
2022-01-19,-0.04143040156614517
2022-01-20,-0.04003643579475577
2022-01-21,-0.05892585246956817
2022-01-24,0.015612180266617592
2022-01-25,-0.0690910178372928
2022-01-26,0.016512800631138698
2022-01-27,-0.01921386578499032
2022-01-28,0.12894015448379695
2022-01-31,0.07793044889382429
2022-02-01,9.062008711731978e-05
2022-02-02,0.0
2022-02-03,9.044697708805751e-05
2022-02-04,0.011988075255937909
2022-02-07,0.0
2022-02-08,0.0
2022-02-09,0.0
2022-02-10,-0.0006347029617354772
2022-02-11,0.0002717521145376158
2022-02-14,-0.0002716782853890874
2022-02-15,9.044649788436894e-05
2022-02-16,9.101593505010456e-05
2022-02-17,0.00027211535446779086
2022-02-18,9.065294702914868e-05
2022-02-22,-0.0001813719389155146
2022-02-23,9.074366745316679e-05
2022-02-24,0.1000597745978701
2022-02-25,9.065294702914868e-05
2022-02-28,-9.064472981725808e-05
2022-03-01,0.00027195884108744604
2022-03-02,-0.0001812565997234971
2022-03-03,0.00018128945963451616
2022-03-04,-0.0001812565997234971
2022-03-07,9.072720909825649e-05
2022-03-08,-9.071897841853233e-05
2022-03-09,0.0
2022-03-10,-9.064472981725808e-05
2022-03-11,-9.073543378713698e-05
2022-03-14,-0.0001813223464200551
2022-03-15,0.0
2022-03-16,9.026506906845459e-05
2022-03-17,0.0002725033029578365
2022-03-18,-0.0001813719389155146
2022-03-21,-0.0002723134966026396
2022-03-22,0.0
2022-03-23,0.0
2022-03-24,-9.043831805522628e-05
2022-03-25,-9.052902206127074e-05
2022-03-28,-9.070228160392666e-05
2022-03-29,9.071050925408145e-05
2022-03-30,9.053721830710422e-05
2022-03-31,9.044649788436894e-05
2022-04-01,-0.00019936037994655722
2022-04-04,-9.06214178026188e-05
2022-04-05,-9.095979337764831e-05
2022-04-06,-9.080297150247797e-05
2022-04-07,0.00027243365229259937
2022-04-08,-9.06214178026188e-05
2022-04-11,-9.095979337764831e-05
2022-04-12,0.00027273910713107927
2022-04-13,9.061316143791038e-05
2022-04-14,-0.00018170501189788244
2022-04-18,0.0
2022-04-19,-9.06214178026188e-05
2022-04-20,9.062963078825575e-05
2022-04-21,-0.0002723594524122423
2022-04-22,-9.056355047423681e-05
2022-04-25,9.05717529737588e-05
2022-04-26,9.081121743086645e-05
2022-04-27,0.04277701152574911
2022-04-28,0.11954975575316172
2022-04-29,9.096806781430066e-05
2022-05-02,-0.00015435101054101844
2022-05-03,-0.00018178256378301898
2022-05-04,0.000453795921137601
2022-05-05,-0.0001810728973570042
2022-05-06,0.00027240144907665403
2022-05-09,0.00018146898774221962
2022-05-10,0.04432698185093779
2022-05-11,-0.00018143606272357724
2022-05-12,-0.03099155520567684
2022-05-13,0.10112716692800078
2022-05-16,0.0
2022-05-17,-9.075104908212739e-05
2022-05-18,0.0
2022-05-19,0.00018160107960645452
2022-05-20,0.0
2022-05-23,0.0
2022-05-24,0.0003623112786791609
2022-05-25,0.0
2022-05-26,9.087486852212477e-05
2022-05-27,-9.08666110307943e-05
2022-05-31,-0.00027163504256976314
2022-06-01,-0.00011811993644289565
2022-06-02,0.0
2022-06-03,0.0001817381009597636
2022-06-06,-0.00018170507822391245
2022-06-07,0.0
2022-06-08,-9.082780261311836e-05
2022-06-09,-9.10010595064426e-05
2022-06-10,-0.00045372653549384946
2022-06-13,-0.0008172270808252442
2022-06-14,0.016887130880767768
2022-06-15,0.06281583296583484
2022-06-16,0.0
2022-06-17,0.0
2022-06-21,9.071204494030024e-05
2022-06-22,0.00036388917480509005
2022-06-23,9.075340104357327e-05
2022-06-24,-9.07451656111658e-05
2022-06-27,-0.0005450984534018445
2022-06-28,0.000454262357415077
2022-06-29,0.00018185367864720684
2022-06-30,0.00027231806750284334
2022-07-01,-2.707580631421011e-05
2022-07-05,9.088801803693768e-05
2022-07-06,9.087975815583922e-05
2022-07-07,0.0
2022-07-08,-0.00018174299955183267
2022-07-11,-0.00018152838479857037
2022-07-12,-9.131734685292433e-05
2022-07-13,-0.00018166049750369576
2022-07-14,0.00027303578379232827
2022-07-15,9.057425813531464e-05
2022-07-18,-9.056605518205428e-05
2022-07-19,0.0
2022-07-20,9.057425813531464e-05
2022-07-21,0.0002727714187069347
2022-07-22,0.00018190807039611225
2022-07-25,-0.0001818749858683796
2022-07-26,0.00018190807039611225
2022-07-27,0.0001814623838133243
2022-07-28,0.0002726804771421568
2022-07-29,9.073124267654526e-05
2022-08-01,-0.00017262114779784737
2022-08-02,-9.123361290468933e-05
2022-08-03,0.0002728183421702992
2022-08-04,9.096962736102472e-05
2022-08-05,-0.0001817577708250574
2022-08-08,0.0
2022-08-09,0.0
2022-08-10,0.0002730986301765326
2022-08-11,0.00018174117945077883
2022-08-12,9.10189672315229e-05
2022-08-15,0.0
2022-08-16,9.043362303968429e-05
2022-08-17,0.0
2022-08-18,0.00027251278300093946
2022-08-19,9.114247587958876e-05
2022-08-22,0.0
2022-08-23,9.06397709351709e-05
2022-08-24,-9.063155611168544e-05
2022-08-25,0.00018160914103737877
2022-08-26,9.087046740291793e-05
2022-08-29,-9.086221071136132e-05
2022-08-30,0.0001816585499759148
2022-08-31,0.0
2022-09-01,9.143055207085259e-06
2022-09-02,0.0
2022-09-06,-0.020581454966315686
2022-09-07,0.04736482043337716
2022-09-08,0.0
2022-09-09,0.0
2022-09-12,0.0
2022-09-13,-0.0005457282107140136
2022-09-14,0.0
2022-09-15,9.130652300228044e-05
2022-09-16,0.00018193718107948899
2022-09-19,-0.00018190408596286208
2022-09-20,0.00018193718107948899
2022-09-21,0.0
2022-09-22,0.00018190408596286208
2022-09-23,-0.038976353326671584
2022-09-26,-0.02212202052346078
2022-09-27,0.005027101647819208
2022-09-28,0.02959573847616078
2022-09-29,0.0002728719875496598
2022-09-30,-0.05706762317455892
2022-10-03,0.08985106574439211
2022-10-04,0.0002735607600428411
2022-10-05,9.094251256302913e-05
2022-10-06,9.09342427745132e-05
2022-10-07,9.092597448987443e-05
2022-10-10,9.116454311424662e-05
2022-10-11,0.0
2022-10-12,-0.009433959368379114
2022-10-13,0.09072669650971077
2022-10-14,0.0
2022-10-17,-9.098341222675567e-05
2022-10-18,0.0001819011109542478
2022-10-19,-9.089288647593638e-05
2022-10-20,0.00018188456097048534
2022-10-21,0.00018218047908613336
2022-10-24,0.0
2022-10-25,0.00018165389415293202
2022-10-26,9.093377891433126e-05
2022-10-27,0.0001818510214280846
2022-10-28,-9.099117500677091e-05
2022-10-31,-0.00018175229931866315
2022-11-01,0.00029138274183760396
2022-11-02,0.0
2022-11-03,0.0004558515649985891
2022-11-04,9.094802595543284e-05
2022-11-07,9.093975516421978e-05
2022-11-08,9.10957704044874e-05
2022-11-09,0.0003643498908839427
2022-11-10,0.000454860961155695
2022-11-11,-9.084876380847866e-05
2022-11-14,-9.077494306252497e-05
2022-11-15,0.0002725957990368938
2022-11-16,9.133286405911477e-05
2022-11-17,9.050399731458311e-05
2022-11-18,9.123421348641866e-05
2022-11-21,0.0
2022-11-22,0.0002728572949784249
2022-11-23,0.0003637378240096161
2022-11-25,9.059394620916806e-05
2022-11-28,9.099562991437886e-05
2022-11-29,0.00027238825728730803
2022-11-30,9.09625733262825e-05
2022-12-01,0.0005464632666310552
2022-12-02,-9.131410413902675e-05
2022-12-05,9.132244316611225e-05
2022-12-06,0.00018197303981786316
2022-12-07,0.0003641255067829532
2022-12-08,0.00036366556224635803
2022-12-09,0.0
2022-12-12,0.0
2022-12-13,0.0003638606440734326
2022-12-14,-9.078893870102622e-05
2022-12-15,0.00048335184586990204
2022-12-16,0.00018191543131780848
2022-12-19,9.114553424076138e-05
2022-12-20,0.00018202924270767313
2022-12-21,0.00018240472683216845
2022-12-22,0.0004550298694548801
2022-12-23,-9.073590494078645e-05
2022-12-27,0.0
2022-12-28,0.00018206002263294405
2022-12-29,0.07610268653241231
2022-12-30,-9.124942499803299e-05
2023-01-03,0.00018210737494871854
2023-01-04,9.075147032479968e-05
2023-01-05,0.00018213929951608232
2023-01-06,0.00018161659822320877
2023-01-09,9.128125353062265e-05
2023-01-10,-9.127292202388692e-05
2023-01-11,0.0002730280210607632
2023-01-12,0.0005454176840919244
2023-01-13,0.0
2023-01-17,0.00027264169013395715
2023-01-18,9.044836722363033e-05
2023-01-19,0.00027254272585909014
2023-01-20,0.0001816456443736687
2023-01-23,0.0
2023-01-24,9.056200565523891e-05
2023-01-25,0.00036343671885128267
2023-01-26,0.00027205114105591173
2023-01-27,9.074043134013363e-05
2023-01-30,9.048807575479423e-05
2023-01-31,9.05612552099166e-05
2023-02-01,0.00027320499315889164
2023-02-02,0.00036382136883214805
2023-02-03,-0.00018221040984902148
2023-02-06,0.0
2023-02-07,9.140643685104175e-05
2023-02-08,0.00018157643965600168
2023-02-09,0.00036389995385397366
2023-02-10,0.0
2023-02-13,0.000272581872086446
2023-02-14,0.0
2023-02-15,9.083586381900296e-05
2023-02-16,0.0004543005493851994
2023-02-17,9.070516485115583e-05
2023-02-21,0.0
2023-02-22,0.0002725779959159583
2023-02-23,0.0003629324159934437
2023-02-24,9.088276293985939e-05
2023-02-27,0.015506755869925311
2023-02-28,0.0
2023-03-01,0.0001820405775261659
2023-03-02,0.03694217100659953
2023-03-03,9.047588858105107e-05
2023-03-06,9.127834593909448e-05
2023-03-07,-0.0001817294614096435
2023-03-08,9.047588858105107e-05
2023-03-09,0.0005455624051244279
2023-03-10,0.0004540363540200204
2023-03-13,0.001180574249195917
2023-03-14,-0.0005445365720371249
2023-03-15,0.000998375373925407
2023-03-16,-9.071497468146673e-05
2023-03-17,0.00072546220319281
2023-03-20,-0.00018099167276705564
2023-03-21,-0.00027210235638862714
2023-03-22,0.00036255159691246696
2023-03-23,0.0006344171677115843
2023-03-24,9.052741628051192e-05
2023-03-27,0.0
2023-03-28,9.035772453571552e-05
2023-03-29,9.059178477846473e-05
2023-03-30,0.0001810864232734887
2023-03-31,9.024430052352996e-05
2023-04-03,-8.159995970850654e-05
2023-04-04,0.0003632342083322537
2023-04-05,0.0005448955439357434
2023-04-06,0.0
2023-04-10,-9.064549755587803e-05
2023-04-11,0.00018146873535648122
2023-04-12,9.079854335267574e-05
2023-04-13,0.0005440161210029893
2023-04-14,-0.00018107893550729057
2023-04-17,9.067676787053712e-05
2023-04-18,0.00018141768694302816
2023-04-19,9.073268009026854e-05
2023-04-20,0.0005437826841674074
2023-04-21,9.067514084643714e-05
2023-04-24,9.066691961073132e-05
2023-04-25,0.0002718150717109511
2023-04-26,0.0448697446372983
2023-04-27,0.00018133222929665632
2023-04-28,9.060944184181475e-05
2023-05-01,-0.00010934908968693251
2023-05-02,0.0002727990827513083
2023-05-03,0.00018149465676834282
2023-05-04,0.000545189518912478
2023-05-05,-9.084220532074856e-05
2023-05-08,9.085045837674189e-05
2023-05-09,0.0
2023-05-10,0.00036296686462228294
2023-05-11,0.0003633173404592071
2023-05-12,0.0
2023-05-15,9.05352650522309e-05
2023-05-16,0.0
2023-05-17,0.00018153609254806388
2023-05-18,0.0002721744036397002
2023-05-19,0.0
2023-05-22,0.0
2023-05-23,0.00018105230974573672
2023-05-24,0.0
2023-05-25,0.00045347199884661257
2023-05-26,0.00018109796236307727
2023-05-30,9.07331454758777e-05
2023-05-31,0.0001810487447073123
2023-06-01,0.0006550099438481558
2023-06-02,9.096971309675331e-05
2023-06-05,0.0
2023-06-06,0.0001816824500122818
2023-06-07,0.00018205008588885875
2023-06-08,0.0006358576274955829
2023-06-09,0.0
2023-06-12,0.0001814209132517409
2023-06-13,0.00018210843464632582
2023-06-14,9.027732425694079e-05
2023-06-15,0.0007263947707899193
2023-06-16,-0.057777777777777775
2023-06-20,0.0
2023-06-21,9.06752281993243e-05
2023-06-22,0.0003624281679843765
2023-06-23,9.127355299248975e-05
2023-06-26,0.00018085218861916278
2023-06-27,0.00018129890236259077
2023-06-28,9.06729635511463e-05
2023-06-29,0.00018132948542047032
2023-06-30,0.000543410634907121
2023-07-03,-7.263890434350315e-05
2023-07-05,0.0001816902816135502
2023-07-06,0.000545211271562623
2023-07-07,0.0
2023-07-10,0.00018163805940354274
2023-07-11,0.0
2023-07-12,0.00027260700024150204
2023-07-13,0.0005448262081738443
2023-07-14,9.060882195223042e-05
2023-07-17,9.0680296653658e-05
2023-07-18,9.075175117415556e-05
2023-07-19,0.029533372711163616
2023-07-20,0.0
2023-07-21,9.036743638490763e-05
2023-07-24,9.083694100351653e-05
2023-07-25,9.090829486447739e-05
2023-07-26,0.00018116328479282276
2023-07-27,0.00036234052401140643
2023-07-28,0.00027191551112518684
2023-07-31,0.00018085657779111448
2023-08-01,0.00015474197888272953
2023-08-02,0.00018190897729548577
2023-08-03,0.0003633543288171461
2023-08-04,0.00027255582189565674
2023-08-07,0.0
2023-08-08,0.0001816014098497554
2023-08-09,9.102249717123365e-05
2023-08-10,0.0008369012008794497
2023-08-11,-0.02320698829849475
2023-08-14,0.04730294221215345
2023-08-15,0.00018108616146219854
2023-08-16,-0.02804120082880158
2023-08-17,-0.029718221006319757
2023-08-18,0.002682737244350153
2023-08-21,0.05774833635614602
2023-08-22,0.00018123916212009546
2023-08-23,0.053768030040449076
2023-08-24,0.00045325070470221253
2023-08-25,0.03134442228835472
2023-08-28,9.030804549624271e-05
2023-08-29,0.0002717709868035423
2023-08-30,9.05921121036209e-05
2023-08-31,0.0005434242537616273
2023-09-01,0.0002818130176563255
2023-09-05,0.0
2023-09-06,0.0001815722160172961
2023-09-07,0.0005449341688832385
2023-09-08,9.083877871886963e-05
2023-09-11,0.0001815029519526271
2023-09-12,9.081404476745124e-05
2023-09-13,0.0001816115966512339
2023-09-14,0.0004537095018637884
2023-09-15,9.05111963376611e-05
2023-09-18,0.00018163779323348677
2023-09-19,0.0
2023-09-20,0.0001812100138785552
2023-09-21,-0.046572923894068
2023-09-22,0.0055298046087215265
2023-09-25,0.010769948044108257
2023-09-26,-0.05508959084772098
2023-09-27,0.00431862516896755
2023-09-28,0.020305852626630625
2023-09-29,0.008897270424209161
2023-10-02,0.03318633577246787
2023-10-03,9.087028672452101e-05
2023-10-04,0.03673001102126682
2023-10-05,0.0005450529727050485
2023-10-06,9.085828642531535e-05
2023-10-09,9.085003194709095e-05
2023-10-10,9.076305992266955e-05
2023-10-11,9.067611083548827e-05
2023-10-12,0.0005446369746643852
2023-10-13,0.00018147305620685444
2023-10-16,9.05234457297393e-05
2023-10-17,9.082981410400636e-05
2023-10-18,9.074293140872346e-05
2023-10-19,0.00045304447934401803
2023-10-20,-0.05236209086635788
2023-10-23,0.0032920033583215334
2023-10-24,0.020623474426668814
2023-10-25,0.0
2023-10-26,0.0006341960488973479
2023-10-27,0.015929281143960274
2023-10-30,9.025652552717463e-05
2023-10-31,0.0
2023-11-01,0.000345690533910201
2023-11-02,0.0004539886040780054
2023-11-03,0.0002724107006122497
2023-11-06,-9.062205218654315e-05
2023-11-07,0.00027212599551192025
2023-11-08,9.099750191870702e-05
2023-11-09,0.0003628596885848809
2023-11-10,0.000272398595372765
2023-11-13,9.077480486158214e-05
2023-11-14,0.00036259637486638557
2023-11-15,9.065537968046562e-05
2023-11-16,0.0005438829721654503
2023-11-17,9.028494130892041e-05
2023-11-20,9.098085576608579e-05
2023-11-21,0.0003624823139293959
2023-11-22,0.0003621163861300745
2023-11-24,9.075036481881154e-05
2023-11-27,0.00018085899110695862
2023-11-28,0.00027155200842209765
2023-11-29,0.00018077719663629418
2023-11-30,0.0003618795899364512
2023-12-01,0.00031771106860388433
2023-12-04,9.101338091839682e-05
2023-12-05,0.00018154190265748155
2023-12-06,0.00018143091637439382
2023-12-07,0.00045384610583344774
2023-12-08,0.0
2023-12-11,0.0
2023-12-12,0.00027201256623190145
2023-12-13,0.0003629226382253824
2023-12-14,-0.00580046403712297
2023-12-15,0.047841306884480746
2023-12-18,0.0033407572383073497
2023-12-19,0.023307436182019976
2023-12-20,0.0878524945770065
2023-12-21,0.0006367755102009039
2023-12-22,0.00018214241809815616
2023-12-26,0.00018148691851159568
2023-12-27,0.0
2023-12-28,0.000636294499587548
2023-12-29,0.000272435405409922
2024-01-02,-9.091657898785758e-05
2024-01-03,9.092484556376125e-05
2024-01-04,0.0004539612431171487
2024-01-05,-0.00017187093161930863
2024-01-08,0.07515029672022201
2024-01-09,9.053997778742192e-05
2024-01-10,0.00018168470637926838
2024-01-11,0.0006349270423881144
2024-01-12,0.0002717616032429546
2024-01-16,0.0
2024-01-17,0.00018148711941705096
2024-01-18,0.00027179355910525097
2024-01-19,0.0002717197074388871
2024-01-22,0.0001813556052483692
2024-01-23,0.0
2024-01-24,9.019643062348593e-05
2024-01-25,0.0005432217723224361
2024-01-26,9.083628389924158e-05
2024-01-29,9.044087215044467e-05
2024-01-30,9.035526808764198e-05
2024-01-31,0.0002712735690203107
2024-02-01,0.0006630623278588187
2024-02-02,-0.00027225783187939656
2024-02-05,9.067416941261629e-05
2024-02-06,0.00027238464518012626
2024-02-07,0.00018182389083946335
2024-02-08,0.00045351053107127074
2024-02-09,9.073828034727874e-05
2024-02-12,9.049819915539136e-05
2024-02-13,-0.0001812118474683082
2024-02-14,0.0003627985416951673
2024-02-15,0.0005440777117893188
2024-02-16,0.0
2024-02-20,0.00018123487746684453
2024-02-21,9.02535925214746e-05
2024-02-22,0.00036268016472997927
2024-02-23,0.0001813515086130391
2024-02-26,0.0
2024-02-27,0.00018100999875777452
2024-02-28,9.03343342367281e-05
2024-02-29,0.0005434226307718214
2024-03-01,0.000254101942368816
2024-03-04,9.079370344895837e-05
2024-03-05,0.00018157092140152405
2024-03-06,0.00018169206631344332
2024-03-07,0.00036308700220949187
2024-03-08,9.071955159589785e-05
2024-03-11,9.078832682349971e-05
2024-03-12,0.00018148317257532862
2024-03-13,9.060964587025176e-05
2024-03-14,0.0004535460186018528
2024-03-15,0.0001815054348528598
2024-03-18,9.069778444313752e-05
2024-03-19,9.038187611852379e-05
2024-03-20,0.00027204408944797354
2024-03-21,0.0003623192306160365
2024-03-22,0.000271794732255286
2024-03-25,0.0
2024-03-26,0.00018112163858756167
2024-03-27,0.0006336956928438255
2024-03-28,9.044868768398304e-05
2024-04-01,0.00010886641729756854
2024-04-02,9.08144939318185e-05
2024-04-03,9.103652529702394e-05
2024-04-04,0.0006360463841833754
2024-04-05,0.032836986701572174
2024-04-08,9.05786472305291e-05
2024-04-09,9.087720196994166e-05
2024-04-10,-9.086894405456001e-05
2024-04-11,0.00045392587211821493
2024-04-12,9.060600469449487e-05
2024-04-15,9.082773963481116e-05
2024-04-16,0.0023655435731191397
2024-04-17,-0.04206543876028984
2024-04-18,-0.03536266555914615
2024-04-19,-0.0632510431265462
2024-04-22,0.025661602379250775
2024-04-23,0.042845969157153344
2024-04-24,0.014544888649836267
2024-04-25,0.00027185867757285306
2024-04-26,0.03244518807509858
2024-04-29,9.050204383144801e-05
2024-04-30,9.04938539527111e-05
2024-05-01,0.00030916573134216936
2024-05-02,0.041326280344978206
2024-05-03,0.00018152109171905366
2024-05-06,9.093511405173703e-05
2024-05-07,9.077402738074753e-05
2024-05-08,0.00018168438076645444
2024-05-09,0.00036314997849669356
2024-05-10,0.00018120363195304985
2024-05-13,0.00018178157702885533
2024-05-14,9.068343709767812e-05
2024-05-15,0.0002720256430727418
2024-05-16,0.0002722568859703005
2024-05-17,0.0001810991942992964
2024-05-20,0.00018114267391908543
2024-05-21,9.074557556220125e-05
2024-05-22,0.0001813221833661373
2024-05-23,0.0005438679347770153
2024-05-24,9.029060545679846e-05
2024-05-28,-9.028245379938278e-05
2024-05-29,9.029060545679846e-05
2024-05-30,0.0002715330509206753
2024-05-31,0.00036217428877881227
2024-06-03,0.00020001838006735755
2024-06-04,0.00018155631442965436
2024-06-05,9.102806533775332e-05
2024-06-06,0.00027245051199006757
2024-06-07,0.00027252846845924255
2024-06-10,0.00018163614461918514
2024-06-11,9.049738656475798e-05
2024-06-12,0.0003631734515948569
2024-06-13,0.0
2024-06-14,0.04408651727153957
2024-06-17,-0.00893218400724046
2024-06-18,-0.00573539172579838
2024-06-20,0.048619708282379014
2024-06-21,0.00045338446835868444
2024-06-24,9.054472480589238e-05
2024-06-25,0.00018130072379134496
2024-06-26,0.0
2024-06-27,0.00027148447147519944
2024-06-28,0.0004525535939589936
2024-07-01,0.0001456523972557299
2024-07-02,0.00018141354890084465
2024-07-03,0.00027271523489020785
2024-07-05,0.0003634201411897857
2024-07-08,-0.021324850627943495
2024-07-09,0.0
2024-07-10,-0.0037088690916846673
2024-07-11,0.004653327261059356
2024-07-12,0.0005446618970585229
2024-07-15,0.0001813542555264059
2024-07-16,9.06985086260409e-05
2024-07-17,9.061464488476169e-05
2024-07-18,0.00018136413205880282
2024-07-19,-0.046670788572468
2024-07-22,0.06927909644903156
2024-07-23,0.0001814429848481883
2024-07-24,9.028947637241515e-05
2024-07-25,-0.03643622037074196
2024-07-26,0.03693443596471727
2024-07-29,-0.012236344511718632
2024-07-30,-0.07604549097477482
2024-07-31,0.12664268408278004
2024-08-01,0.0002541210900957003
2024-08-02,-0.08916292462523573
2024-08-05,-0.0938181284513563
2024-08-06,0.03739983918799576
2024-08-07,-0.051988253888777265
2024-08-08,0.11049441163603237
2024-08-09,0.013668393116693572
2024-08-12,0.00027234869673803104
2024-08-13,0.0002718226351656695
2024-08-14,0.0
2024-08-15,9.050762504151717e-05
2024-08-16,0.00045340065929063653
2024-08-19,9.030790706684208e-05
2024-08-20,0.0002720280037591787
2024-08-21,0.00018122745377007268
2024-08-22,0.00018089375353936868
2024-08-23,0.00045294221425949026
2024-08-26,9.02016570796086e-05
2024-08-27,0.00018121381689587722
2024-08-28,0.0001809555414478367
2024-08-29,9.031113312371933e-05
2024-08-30,0.0003619631837314002
2024-09-03,0.0003179737636347961
2024-09-04,-0.007390957907974063
2024-09-05,-0.004495668805482813
2024-09-06,-0.07493625077665272
2024-09-09,0.04424088089413527
2024-09-10,0.04382755760313662
2024-09-11,-9.057697986056844e-05
2024-09-12,0.00018124535732181002
2024-09-13,0.0005440873850674441
2024-09-16,0.0003623778098892275
2024-09-17,9.056163494537537e-05
2024-09-18,0.00036221373711326887
2024-09-19,0.00018111616524293188
2024-09-20,0.0004525212733656683
2024-09-23,0.00018092663619447084
2024-09-24,9.059657658653795e-05
2024-09-25,0.000180653106986585
2024-09-26,9.034763421204635e-05
2024-09-27,0.0003618065950058276
2024-09-30,0.0
2024-10-01,0.0002179922391473543
2024-10-02,0.0
2024-10-03,0.0
2024-10-04,0.00036301699184104926
2024-10-07,-9.07026361144724e-05
2024-10-08,0.00027228203277815394
2024-10-09,9.04620706954733e-05
2024-10-10,9.075266224615305e-05
2024-10-11,0.00045342338765451575
2024-10-14,9.055399410674905e-05
2024-10-15,9.054579482337822e-05
2024-10-16,0.00018129911226132093
2024-10-17,0.0
2024-10-18,0.0004529044315679986
2024-10-21,9.070398300135751e-05
2024-10-22,0.0
2024-10-23,0.0
2024-10-24,0.00018109317176560546
2024-10-25,0.0003619716222898456
2024-10-28,0.0002718650261335568
2024-10-29,0.0
2024-10-30,0.00027134398816191987
2024-10-31,0.00018082208559612394
2024-11-01,0.02200753148941696
2024-11-04,0.00018138239295199845
2024-11-05,0.0
2024-11-06,0.0
2024-11-07,0.0002726198138770483
2024-11-08,0.0005444211972830591
2024-11-11,-9.067509654963777e-05
2024-11-12,9.068331926836787e-05
2024-11-13,0.00018120142345768466
2024-11-14,9.080741175895742e-05
2024-11-15,0.00018130087467632813
2024-11-18,0.0001814910639629232
2024-11-19,0.00018108644283262312
2024-11-20,0.0001812766289533486
2024-11-21,0.0
2024-11-22,0.00036263616876671155
2024-11-25,0.00018102950446645917
2024-11-26,9.046123420465525e-05
2024-11-27,0.00018105463059842565
2024-11-29,0.00045285163996668543
2024-12-02,0.00014516754605841168
2024-12-03,0.00027255777326903554
2024-12-04,0.0
2024-12-05,0.0002721867635925537
2024-12-06,0.0004540403210351348
2024-12-09,0.00018147439943315936
2024-12-10,0.0
2024-12-11,0.00018144147245091407
2024-12-12,9.063017390470508e-05
2024-12-13,0.0002720881767239383
2024-12-16,0.0002718660090225439
2024-12-17,0.0
2024-12-18,0.00015478079743511185
2024-12-19,0.0002730088440204288
2024-12-20,0.00027271225215312394
2024-12-23,9.095330609717217e-05
2024-12-24,0.0002727611038225996
2024-12-26,0.00018191444871969292
2024-12-27,0.00027241523211656504
2024-12-30,0.00027263682401392836
2024-12-31,9.092809642695458e-05
2025-01-02,-0.006184495844688995
2025-01-03,0.046449553885491365
2025-01-06,0.00018153545748782413
2025-01-07,0.00018135476515739857
2025-01-08,0.0
2025-01-10,0.0002723151842562679
2025-01-13,-0.02250738976346948
2025-01-14,0.008112718635073594
2025-01-15,0.05917162965403879
2025-01-16,9.07058799477788e-05
2025-01-17,0.0004531930739759283
2025-01-21,0.000181386900915174
2025-01-22,0.0
2025-01-23,0.0001810590011915231
2025-01-24,0.00036264235168624636
2025-01-27,0.00018103431182526296
2025-01-28,9.057446986482737e-05
2025-01-29,9.056626687321768e-05
2025-01-30,9.055806536730212e-05
2025-01-31,0.0003619784283549425
2025-02-03,0.00011835718460148723
2025-02-04,9.058003032884527e-05
2025-02-05,9.094000448588265e-05
2025-02-06,0.00018164258350091892
2025-02-07,0.000272156738724525
2025-02-10,9.081688908586325e-05
2025-02-11,0.0
2025-02-12,0.0
2025-02-13,0.00027213157097847045
2025-02-14,0.00045362540943813057
2025-02-18,0.0
2025-02-19,0.000272007714753547
2025-02-20,9.07916131780314e-05
2025-02-21,0.00036247190401691054
2025-02-24,0.00018106005962049106
2025-02-25,-0.03878496381754043
2025-02-26,0.03196410066374909
2025-02-27,-0.10729009362040474
2025-02-28,0.033377332142460484
2025-03-03,-0.08642928454799256
2025-03-04,-0.00586917943086247
2025-03-05,0.04174863561092503
2025-03-06,-0.08244490522717349
2025-03-07,0.040588212513745704
2025-03-10,-0.1256360057953253
2025-03-11,-0.013900156700114413
2025-03-12,0.04736927551935851
2025-03-13,-0.05602501106639119
2025-03-14,0.085543765815213
2025-03-17,0.0
2025-03-18,9.066032303365125e-05
2025-03-19,9.0652104484575e-05
2025-03-20,0.00018143432923633222
2025-03-21,0.00036250977798327487
2025-03-24,9.044812836456968e-05
2025-03-25,9.073287114980297e-05
2025-03-26,9.043174310882659e-05
2025-03-27,0.00018135965413242287
2025-03-28,0.0002715143259493979
2025-03-31,9.060218250265476e-05
2025-04-01,0.0002180695024093021
2025-04-02,9.094003167025013e-05
2025-04-03,9.063914201968442e-05
2025-04-04,-0.1996310982398452
2025-04-07,0.013060256320585962
2025-04-08,-0.056370074289829424
2025-04-09,0.3884274694427289
2025-04-10,0.0
2025-04-11,0.00045355654114053866
2025-04-14,9.08163085632765e-05
2025-04-15,9.058889502880288e-05
2025-04-16,0.00018145357462081023
2025-04-17,0.00045311342384305624
2025-04-21,9.096125459368936e-05
2025-04-22,9.066099750747953e-05
2025-04-23,9.050680012624239e-05
2025-04-24,9.049860938669093e-05
2025-04-25,0.0003625454896801514
2025-04-28,9.045762512550996e-05
2025-04-29,0.0
2025-04-30,0.00027164010224871906
2025-05-01,0.0001090203193456739
2025-05-02,0.0001815591997832956
2025-05-05,9.098182732771865e-05
2025-05-06,9.075486396866428e-05
2025-05-07,0.0001816390342576175
2025-05-08,9.073014813427479e-05
2025-05-09,0.00027238435779266656
2025-05-12,9.062436325275317e-05
2025-05-13,9.068899378703908e-05
2025-05-14,0.0
2025-05-15,0.00018150721199823854
2025-05-16,0.00036280290073371826
2025-05-19,0.0
2025-05-20,0.00018133566126294647
2025-05-21,9.061500073474573e-05
2025-05-22,0.00018143191041615663
2025-05-23,0.0004531700621071462
2025-05-27,0.0
2025-05-28,9.076751131121016e-05
2025-05-29,0.0002717687535166491
2025-05-30,0.00018096030084341024
2025-06-02,0.00015446808569409635
2025-06-03,0.00018169909292905625
2025-06-04,9.083304218315545e-05
2025-06-05,0.00027269235637439635
2025-06-06,9.058211173997195e-05
2025-06-09,0.0002725206900003065
2025-06-10,9.062184448274896e-05
2025-06-11,9.090406121880274e-05
2025-06-12,0.00018142859445329445
2025-06-13,0.000363081717412817
2025-06-16,0.0
2025-06-17,9.062864278709562e-05
2025-06-18,0.0002720789531040363
2025-06-20,0.0003628183310153676
2025-06-23,0.0001811983541185755
2025-06-24,9.076400163404201e-05
2025-06-25,9.061078701847525e-05
2025-06-26,0.00018106019077133743
2025-06-27,0.00036241717253006827
2025-06-30,0.0
2025-07-01,9.997090701720427e-05
2025-07-02,9.083404778827062e-05
2025-07-03,0.0003634480485852832
2025-07-07,0.01192410270049966
2025-07-08,0.00018155263115223087
2025-07-09,9.090459042126171e-05
2025-07-10,9.067921846527051e-05
2025-07-11,0.0002723024419732759
2025-07-14,0.00018158200026101507
2025-07-15,0.0
2025-07-16,0.0002722512210438332
2025-07-17,9.060518915369836e-05
2025-07-18,0.00036289405077176266
2025-07-21,9.063639324398927e-05
2025-07-22,9.070045030786117e-05
2025-07-23,9.054769504085522e-05
2025-07-24,9.053949689810093e-05
2025-07-25,0.00036255871077648326
2025-07-28,-0.041477699473062506
2025-07-29,0.00018119723054946309
2025-07-30,-9.047389329958144e-05
2025-07-31,9.048207956559358e-05
2025-08-01,0.0008634372035725418
2025-08-04,0.05808059766824028
2025-08-05,-9.102859134481111e-05
2025-08-06,0.0002726056759978746
2025-08-07,9.057936392949436e-05
2025-08-08,0.000363005748167899
2025-08-11,9.097080190473541e-05
2025-08-12,0.00018127635129266617
2025-08-13,0.00018153175616660277
2025-08-14,0.0
2025-08-15,0.00027199603080335237
2025-08-18,9.07607435869251e-05
2025-08-19,0.0002719694172695106
2025-08-20,9.058381919527293e-05
2025-08-21,-9.057561451018465e-05
2025-08-22,0.04026218778753907
2025-08-25,0.0
2025-08-26,9.045441144437561e-05
2025-08-27,0.00018125223057528696
2025-08-28,9.042983957372366e-05
2025-08-29,0.0004526118552654901
2025-09-02,0.00025438911093809903
2025-09-03,0.0001817937936504582
2025-09-04,0.00018125765646499417
2025-09-05,0.0005448241454679031
2025-09-08,0.00018141339998659867
2025-09-09,-9.06184421454742e-05
2025-09-10,0.0001813251211126138
2025-09-11,0.00018150764500436106
2025-09-12,0.00018133113419681218
2025-09-15,0.00018122648631198142
2025-09-16,0.0001811936492235906
2025-09-17,9.061628544689541e-05
2025-09-18,9.067981523987645e-05
2025-09-19,0.0003624711710602099
2025-09-22,9.063873922661061e-05
2025-09-23,0.015755300502330923
2025-09-24,9.055882322573539e-05
2025-09-25,9.062231793965572e-05
2025-09-26,0.00036216967161634275
2025-09-29,9.043797563692664e-05
2025-09-30,9.035814140826997e-05
2025-10-01,0.00024547107303244476
2025-10-02,9.06859641049768e-05
2025-10-03,0.00036306909056528904
2025-10-06,-9.057323117818447e-05
2025-10-07,9.058143543147625e-05
2025-10-08,0.00018171925749425468
2025-10-09,9.069994803544414e-05
2025-10-10,0.0004535301913960398
2025-10-13,0.06888715231408081
2025-10-14,0.0002721195912295777
2025-10-15,-9.077723338461878e-05
2025-10-16,0.0001814278673633516
2025-10-17,0.00045327280921778214
2025-10-20,9.065638655654442e-05
2025-10-21,9.050519053701748e-05
2025-10-22,0.00018106548280006582
2025-10-23,9.076649589939127e-05
2025-10-24,0.00018108773700858065
2025-10-27,0.0002715109750094868
2025-10-28,9.057433341969324e-05
2025-10-29,-9.056613045279708e-05
2025-10-30,9.057433341969324e-05
2025-10-31,0.00018098941211939102
2025-11-03,0.0002816468312981898
2025-11-04,9.073842012488205e-05
2025-11-05,9.094434206265765e-05
2025-11-06,0.00018144387352833814
2025-11-07,0.0003630360115737622
2025-11-10,9.074390095046389e-05
2025-11-11,0.0
2025-11-12,9.059300109860064e-05
2025-11-13,9.08701011903484e-05
2025-11-14,0.0002719436525334657
2025-11-17,9.076584124177367e-05
2025-11-18,-0.04890239777116747
2025-11-19,0.02067002961464589
2025-11-20,-0.09425369842410132
2025-11-21,0.010247934834731546
2025-11-24,0.07358901483237285
2025-11-25,9.046990710877624e-05
2025-11-26,0.00018120836490293136
2025-11-28,0.0002716208679746676
2025-12-01,0.00019992246596672444
2025-12-02,0.00018165959852801627
2025-12-03,0.00018155543401249965
2025-12-04,0.0
2025-12-05,0.0003630449552405845
2025-12-08,9.076386613667018e-05
2025-12-09,9.082675390587049e-05
2025-12-10,0.000272099922260213
2025-12-11,0.0001814454017490569
2025-12-12,0.0002721898143287287
2025-12-15,0.00018122098598714057
2025-12-16,0.004118891500017418
2025-12-17,9.065691664316763e-05
2025-12-18,0.0454375457441805
2025-12-19,0.00015441579086845813
2025-12-22,0.000181875705957903
2025-12-23,0.0
2025-12-24,0.0002725154339023685
2025-12-26,0.00036351519835677785
2025-12-29,0.0
2025-12-30,9.082803591823065e-05
2025-12-31,0.00027245936080608235
2026-01-02,0.00018159009794870576
2026-01-05,0.00018155712897187248
2026-01-06,0.0
2026-01-07,0.00018138235620502447
2026-01-08,9.08165213472351e-05
2026-01-09,0.00027214126903606556
2026-01-12,9.078356850010024e-05
2026-01-13,0.0
2026-01-14,9.063360186579085e-05
2026-01-15,9.069624460153632e-05
2026-01-16,0.00027206405861620144
2026-01-20,9.066335329886756e-05
2026-01-21,0.041902738416256594
2026-01-22,0.0
2026-01-23,0.0002719869514242351
2026-01-26,9.047248298543902e-05
2026-01-27,0.0001812117402556218
2026-01-28,0.0
2026-01-29,9.07310002774302e-05
2026-01-30,0.0002716021740062708
2026-02-02,0.00019986133514446615
2026-02-03,9.082147814785015e-05
2026-02-04,0.0
2026-02-05,-0.0542215898068048
2026-02-06,0.11840585070210811
2026-02-09,0.00018140265110854978
2026-02-10,0.0
2026-02-11,9.075555697547635e-05
2026-02-12,9.088867211932736e-05
2026-02-13,0.007588325143349201
2026-02-17,-0.003669047772461911
2026-02-18,0.030623149682688453
2026-02-19,0.00018137942442545172
2026-02-20,0.01450794985191227
2026-02-23,9.065683204783969e-05
2026-02-24,0.037356386266406506
2026-02-25,9.056980549516588e-05
2026-02-26,9.070277498257943e-05
2026-02-27,0.00027180132854456705
2026-03-02,0.00012722010729671878
2026-03-03,9.079947349004602e-05
2026-03-04,0.0
2026-03-05,0.0001816530042444018
2026-03-06,0.0002723947526134414
2026-03-09,0.053361984203771196
2026-03-10,9.074178554169603e-05
2026-03-11,9.080405225773207e-05
2026-03-12,0.0
2026-03-13,-0.02345034043720617
2026-03-16,0.043641740542594905
2026-03-17,9.075463252018921e-05
2026-03-18,0.0
2026-03-19,0.009374371027934305
2026-03-20,-0.06803953464683349
2026-03-23,0.00018137298717365452
2026-03-24,9.070526015860181e-05
2026-03-25,9.06266165091416e-05
2026-03-26,0.0
2026-03-27,0.00036254402684952197
2026-03-30,-0.05797103216256022
2026-03-31,0.12842249506021378
2026-04-01,0.00012715122706915226
2026-04-02,0.0003634641553352647
2026-04-06,9.079785857716591e-05
2026-04-07,9.078961507453609e-05
2026-04-08,9.085169171545785e-05
2026-04-09,0.00018154625235308763
2026-04-10,0.00027219964944453205
2026-04-13,0.0
2026-04-14,0.00018160446561445246
2026-04-15,0.0
2026-04-16,9.071547810535208e-05
2026-04-17,0.00045360650900046375
2026-04-20,0.017037947186993353
2026-04-21,9.066612281038856e-05
2026-04-22,0.0001813158064196048
2026-04-23,9.06414684788501e-05
2026-04-24,0.0002719699639573104
2026-04-27,9.060861052713437e-05
2026-04-28,9.060040135065478e-05
2026-04-29,0.0
2026-04-30,0.00018118438732309962
2026-05-01,0.00025439797693972845
2026-05-04,0.00018173676660341768
2026-05-05,0.0
2026-05-06,-0.02909770900233953
2026-05-07,-0.014572416685782108
2026-05-08,0.007254417422607892
2026-05-11,0.024376761919978427
2026-05-12,-0.03353158137152707
2026-05-13,0.0
2026-05-14,-0.03486785102749512
2026-05-15,0.009314084490967791
2026-05-18,9.070971420486107e-05
2026-05-19,9.077152645699332e-05
2026-05-20,0.00018131647526654888
2026-05-21,9.067681313364361e-05
2026-05-22,0.000181337183189413
2026-05-26,9.065215298863348e-05
2026-05-27,0.0001812878718413738
2026-05-28,9.062750625294802e-05
2026-05-29,0.0002717879046685031
2026-06-01,9.996894596563042e-05
2026-06-02,-0.02671122283906958
2026-06-03,-0.0024013617749662286
2026-06-04,9.077896252794093e-05
2026-06-05,0.000272591892244383
2026-06-08,0.0630337487759482
2026-06-09,9.080765756718945e-05
2026-06-10,9.079941228525134e-05
2026-06-11,0.11426288133574307
2026-06-12,0.0002722541758277006
2026-06-15,9.081983977563866e-05
2026-06-16,0.00018148347442078445
2026-06-17,-0.0002722456586141411
2026-06-18,0.0005445697315777718
2026-06-22,-9.070058556689053e-05
2026-06-23,0.00018134779609357154
2026-06-24,9.069236604863206e-05
2026-06-25,0.00018143809411115056
2026-06-26,0.0002718634772113494
2026-06-29,9.06430485818131e-05
2026-06-30,9.063483316422739e-05
2026-07-01,8.183604646920017e-05
2026-07-02,0.00045435170994041735
2026-07-06,0.00018171393053437632
2026-07-07,-9.084045829046065e-05
2026-07-08,0.00018169742205801127
2026-07-09,0.00018159470404315554
2026-07-10,0.0002723774487920987
2026-07-13,-9.072130755742635e-05
2026-07-14,0.00027225830072493735
2026-07-15,0.0001814793528049184
2026-07-16,0.0
2026-07-17,0.00036296250118845666
2026-07-20,0.0011821374673930875
2026-07-21,0.08394238515993975
2026-07-22,0.00018138058967282283
2026-07-23,-9.063904074099574e-05
2026-07-24,-0.045498665452324796
2026-07-27,-0.025245686673094445
2026-07-28,-0.055391377029045896
2026-07-29,-0.07918790258709621
2026-07-30,0.1620703611938041
2026-07-31,0.00027180983549593017
2026-08-03,0.0001816904049735193
2026-08-04,9.079393946978008e-05
2026-08-05,9.085521099471788e-05
2026-08-06,9.084695707526458e-05
2026-08-07,0.000363285316934642
2026-08-10,9.080571627194666e-05
2026-08-11,9.072800120377856e-05
2026-08-12,0.00018157846843354882
2026-08-13,0.00018147605245345482
2026-08-14,0.0002721994066191813
2026-08-17,0.0
2026-08-18,0.00018146316932853143
2026-08-19,9.064571607721155e-05
2026-08-20,9.070690101850595e-05
2026-08-21,0.0002720266275207396
2026-08-24,9.067400827818314e-05
2026-08-25,0.00018126220510987381
2026-08-26,9.064935594568918e-05
2026-08-27,0.0
2026-08-28,9.064113938478177e-05
2026-08-31,9.063292431325623e-05
2026-09-01,0.0001635682422446361
2026-09-02,9.081786968453754e-05
2026-09-03,0.0001817578857412533
2026-09-04,0.0004541735240885237
2026-09-08,0.0
2026-09-09,9.082117933275737e-05
2026-09-10,-0.00018155659321971674
2026-09-11,0.0002724189842776418
2026-09-14,9.080468535553152e-05
2026-09-15,9.072718322153805e-05
