date,returns
2010-02-11,0.0
2010-02-12,0.004092017814538489
2010-02-16,0.038736281049348266
2010-02-17,0.01697009069293483
2010-02-18,0.01895798334028536
2010-02-19,0.0
2010-02-22,-0.007020365034033825
2010-02-23,-0.03904192027659452
2010-02-24,0.03024015943438913
2010-02-25,-0.0005700421951290727
2010-02-26,0.012474976464497979
2010-03-01,0.04289417715360964
2010-03-02,0.006012133645807671
2010-03-03,0.005554348929651425
2010-03-04,0.011039157479190867
2010-03-05,0.04420169737127029
2010-03-08,0.005332388581406679
2010-03-09,0.017701904901933515
2010-03-10,0.024470796094526587
2010-03-11,0.009209152813379726
2010-03-12,0.0022811937190438648
2010-03-15,-0.006733576146433244
2010-03-16,0.018908647385368085
2010-03-17,0.006934234716528561
2010-03-18,0.010142213740560653
2010-03-19,-0.017689409913754187
2010-03-22,0.02701222244969098
2010-03-23,0.020914697802726402
2010-03-24,-0.014224439620361393
2010-03-25,-0.00626158191633642
2010-03-26,0.005207254558175472
2010-03-29,0.013716010875251235
2010-03-30,0.01048546085934667
2010-03-31,-0.01347907297153533
2010-04-01,-0.0019780983804420973
2010-04-05,0.02891240543062581
2010-04-06,0.0076176078080796225
2010-04-07,-0.005648048062120266
2010-04-08,0.003582993462123054
2010-04-09,0.018020183309682927
2010-04-12,0.004019345823847487
2010-04-13,0.01507889090639477
2010-04-14,0.03524202460752814
2010-04-15,0.013374689707647686
2010-04-16,-0.035595658191390725
2010-04-19,-0.001573201552531751
2010-04-20,0.014785092893136264
2010-04-21,0.017599928410144433
2010-04-22,0.014803002730194949
2010-04-23,0.013237877232689276
2010-04-26,-0.007432166854434702
2010-04-27,-0.06171788978789641
2010-04-28,0.002351646855703932
2010-04-29,0.05104133464220969
2010-04-30,-0.058927480626930866
2010-05-03,0.04084047617298852
2010-05-04,-0.08840668827039737
2010-05-05,-0.016432919509819597
2010-05-06,-0.09796626740131666
2010-05-07,-0.07277246685894957
2010-05-10,0.1491518127104393
2010-05-11,-0.0006600858248047607
2010-05-12,0.05388123717422299
2010-05-13,-0.04520592204738303
2010-05-14,-0.0615337183446076
2010-05-17,0.013515231661020356
2010-05-18,-0.03822176138941093
2010-05-19,-0.026392497255965108
2010-05-20,-0.1011499141045383
2010-05-21,-0.0021677584108460084
2010-05-24,0.00530272733559088
2010-05-25,0.004672181193434849
2010-05-26,0.0033087653896615105
2010-05-27,-0.010415068139821092
2010-05-28,-0.01397260981245079
2010-06-01,0.007846336904110358
2010-06-02,-0.005291578126099554
2010-06-03,0.025959069389478853
2010-06-04,-0.09874500822120696
2010-06-07,0.013483149589217341
2010-06-08,-0.004502720266113551
2010-06-09,-0.002379409877161714
2010-06-10,-0.008933795573136151
2010-06-11,0.006342003919152338
2010-06-14,-0.002784868992546097
2010-06-15,-0.0020639182122681975
2010-06-16,0.020152132385861898
2010-06-17,0.010030411504788466
2010-06-18,0.0027357682343677444
2010-06-21,-0.02627657438095138
2010-06-22,-0.02366167373401958
2010-06-23,-0.012915579202486866
2010-06-24,0.0036372911738494756
2010-06-25,0.024482809870944845
2010-06-28,-0.0016148618412701581
2010-06-29,-0.00931754015628717
2010-06-30,0.0002913881263513179
2010-07-01,-0.018277615890067555
2010-07-02,-0.003986313098374455
2010-07-06,0.004270854832258079
2010-07-07,0.010090871451055416
2010-07-08,0.005432045909489527
2010-07-09,-0.0019444474864788244
2010-07-12,-0.005888514455248489
2010-07-13,-0.004285574589919746
2010-07-14,0.0038827857704013206
2010-07-15,0.004983611370868135
2010-07-16,0.002442693583869125
2010-07-19,-0.0031845064311415813
2010-07-20,0.0007485054079378813
2010-07-21,0.008472153151968094
2010-07-22,-0.005782561215890053
2010-07-23,-0.0019783020528703816
2010-07-26,-0.0010108245821083947
2010-07-27,-0.00021371057006167398
2010-07-28,-0.020441166361826715
2010-07-29,-0.02381681148470463
2010-07-30,0.010633201159053977
2010-08-02,0.025740196603890923
2010-08-03,-0.010337243406414877
2010-08-04,0.028884017553489606
2010-08-05,-0.005903399027056981
2010-08-06,-0.004690041008688783
2010-08-09,0.017485041201927513
2010-08-10,-0.021199268815579108
2010-08-11,-0.08231467064132653
2010-08-12,-0.0049953636300509256
2010-08-13,0.005789771794987673
2010-08-16,0.010951704564879157
2010-08-17,-0.002777268021423079
2010-08-18,0.0033049045098262828
2010-08-19,0.00850374203120768
2010-08-20,-0.0023093036816980127
2010-08-23,-0.0006974425331569122
2010-08-24,0.010435397565286872
2010-08-25,0.002530103172843398
2010-08-26,0.003053672469503641
2010-08-27,-0.013951127818586467
2010-08-30,0.009173964890531561
2010-08-31,0.01037961077267887
2010-09-01,-0.011935045420921208
2010-09-02,-0.002818376125207141
2010-09-03,-0.007955401884989223
2010-09-07,0.01367968332893039
2010-09-08,-0.0039322016630369055
2010-09-09,-0.01455620132876072
2010-09-10,-0.0015868604860932024
2010-09-13,0.044080916074406194
2010-09-14,0.012665520502179974
2010-09-15,0.016981907748751773
2010-09-16,0.01409893420587657
2010-09-17,0.01064693199436896
2010-09-20,0.052096893564535236
2010-09-21,-0.003151413307498026
2010-09-22,-0.004743632086063616
2010-09-23,-0.00299358578418658
2010-09-24,0.05662645326264009
2010-09-27,-0.011447504950448516
2010-09-28,0.0025124778367189796
2010-09-29,-0.008054981638547936
2010-09-30,-0.013540287606561596
2010-10-01,-0.003109429240354838
2010-10-04,-0.03469227381322535
2010-10-05,0.07444526642881646
2010-10-06,-0.025484601171360973
2010-10-07,0.009805113369026983
2010-10-08,0.020144386307312506
2010-10-11,0.0020274340855762894
2010-10-12,0.02076030681358213
2010-10-13,0.02429964313475346
2010-10-14,-0.0055505242246176555
2010-10-15,0.06378894298234133
2010-10-18,0.0
2010-10-19,-0.039765324731816175
2010-10-20,0.02079035268445541
2010-10-21,0.0069757089777819975
2010-10-22,0.019499059576272394
2010-10-25,0.015174135033864083
2010-10-26,0.005993644283252579
2010-10-27,0.010293967753157947
2010-10-28,0.005744880282947458
2010-10-29,-0.004799436780014567
2010-11-01,0.0022978718150543035
2010-11-02,0.030310997116228113
2010-11-03,0.014450404962510476
2010-11-04,0.03543212800592709
2010-11-05,0.001197397781199912
2010-11-08,0.0025381927249956667
2010-11-09,-0.016167493650062262
2010-11-10,0.015289188631027044
2010-11-11,-0.01681813695568652
2010-11-12,-0.05088585937303429
2010-11-15,-0.010708158180814232
2010-11-16,-0.049622368673783966
2010-11-17,0.009461359516887622
2010-11-18,0.04648240352806615
2010-11-19,0.002352666736502605
2010-11-22,0.026361194360870442
2010-11-23,-0.04723337703643232
2010-11-24,0.05840308051760619
2010-11-26,-0.006292228565094692
2010-11-29,-0.013919863691950618
2010-11-30,-0.038015749668464945
2010-12-01,0.06358644795495476
2010-12-02,0.03036625701927805
2010-12-03,0.008360025714757762
2010-12-06,-0.0017562142510332414
2010-12-07,0.0009161735130271705
2010-12-08,0.013852186788598442
2010-12-09,0.00103852027602912
2010-12-10,0.02099460049232032
2010-12-13,-0.011739310460222604
2010-12-14,0.004187372671042116
2010-12-15,-0.010188214489766012
2010-12-16,0.020864464569901122
2010-12-17,0.0030455732009763824
2010-12-20,0.002696880522636958
2010-12-21,0.016484718695337335
2010-12-22,0.001059853722812907
2010-12-23,-0.007604812161712797
2010-12-27,0.0004019018218827279
2010-12-28,-0.0043302158227807
2010-12-29,0.005954219867694741
2010-12-30,-0.007514807850210141
2010-12-31,-0.00918010581273065
2011-01-03,0.04517225958505424
2011-01-04,-0.0015529075186553765
2011-01-05,0.024818695204634637
2011-01-06,0.009042221393628308
2011-01-07,-0.002319759731195163
2011-01-10,0.01124441766163874
2011-01-11,0.004596205572966558
2011-01-12,0.020280054672264902
2011-01-13,0.0031506533200852927
2011-01-14,0.021686756801848107
2011-01-18,0.007980677184088673
2011-01-19,-0.03349197315371024
2011-01-20,-0.02245680724207227
2011-01-21,-0.022846379378969734
2011-01-24,0.04129826206426826
2011-01-25,0.0034772389422552813
2011-01-26,0.015505836064575293
2011-01-27,0.019279685010603044
2011-01-28,-0.07542629442849297
2011-01-31,0.014804646214163428
2011-02-01,0.05553228467904369
2011-02-02,-0.004507618983687991
2011-02-03,0.0038735847531204855
2011-02-04,0.0180443741225293
2011-02-07,0.014516756347895926
2011-02-08,0.02132171806120158
2011-02-09,-0.00607822102222828
2011-02-10,0.00486973951173923
2011-02-11,0.020506630817565697
2011-02-14,0.006293926835160942
2011-02-15,-0.002578546768292937
2011-02-16,0.018480828534233974
2011-02-17,-0.0008648695039873917
2011-02-18,-0.005674412654137394
2011-02-22,-0.08806379956248273
2011-02-23,-0.02467739208390949
2011-02-24,0.014238736766293185
2011-02-25,0.04284491016004831
2011-02-28,0.007280198346081745
2011-03-01,-0.04807267292487389
2011-03-02,0.014102010655100786
2011-03-03,0.05966300407392227
2011-03-04,-0.01480490501388291
2011-03-07,-0.039844795407705025
2011-03-08,0.010433258925783376
2011-03-09,-0.020182311717322467
2011-03-10,-0.045748891186546105
2011-03-11,0.016691591348044373
2011-03-14,-0.009750559614263707
2011-03-15,-0.04088894818698651
2011-03-16,-0.07343376128175315
2011-03-17,0.02609200454116156
2011-03-18,-0.005469895086212423
2011-03-21,0.05580796467250593
2011-03-22,-0.0027347660910948665
2011-03-23,0.01514450430966736
2011-03-24,0.05439767721414332
2011-03-25,0.007317691509843521
2011-03-28,-0.016949699809357878
2011-03-29,0.0286972306521072
2011-03-30,0.014726637812670052
2011-03-31,0.0042476709974888435
2011-04-01,0.0015272400841499173
2011-04-04,-0.009032448694644818
2011-04-05,-0.01136509080356789
2011-04-06,0.007543471789020089
2011-04-07,-0.00023723945423764683
2011-04-08,-0.014977326305199976
2011-04-11,-0.009053218826998782
2011-04-12,-0.019728578998625533
2011-04-13,0.023854115327747658
2011-04-14,-0.005461186235332978
2011-04-15,-0.006465592904219091
2011-04-18,-0.019280163752171446
2011-04-19,0.018031558223167696
2011-04-20,0.06654334569504766
2011-04-21,0.02537108302600228
2011-04-25,0.007422352270971546
2011-04-26,0.017193485280023024
2011-04-27,0.02074474491855234
2011-04-28,-0.0015049891318566864
2011-04-29,-0.004846742810690761
2011-05-02,-0.005410303672713856
2011-05-03,-0.015015644598524948
2011-05-04,-0.005853534825277328
2011-05-05,-0.014999415420433102
2011-05-06,0.008685064455547663
2011-05-09,0.010847306649142085
2011-05-10,0.025668075969843555
2011-05-11,-0.021573172702580898
2011-05-12,0.017637622149188646
2011-05-13,-0.035423573819469076
2011-05-16,-0.05199980880832487
2011-05-17,0.008174700746033796
2011-05-18,0.02432383585810624
2011-05-19,0.00860561438027609
2011-05-20,-0.022064928747219777
2011-05-23,-0.043384404312556746
2011-05-24,-0.018842953649451825
2011-05-25,0.011151273052825664
2011-05-26,0.01875040066771436
2011-05-27,0.014915782189694929
2011-05-31,0.04812177815513372
2011-06-01,-0.06389211025541813
2011-06-02,0.0057983383080539574
2011-06-03,-0.04540099088571961
2011-06-06,-0.0241570503273081
2011-06-07,-0.005800057061447231
2011-06-08,-0.021527950933149805
2011-06-09,0.004374390301599802
2011-06-10,-0.04592249439159232
2011-06-13,0.0006906407972634139
2011-06-14,0.037179088234511035
2011-06-15,-0.054637068616353104
2011-06-16,-0.01395477502919054
2011-06-17,-0.007432926214274675
2011-06-20,0.013248954205615903
2011-06-21,0.06666628446342987
2011-06-22,-0.02252102183177224
2011-06-23,0.027675771584547874
2011-06-24,-0.05266638444831543
2011-06-27,0.04859273830898296
2011-06-28,0.04487207778723983
2011-06-29,0.01252503206042594
2011-06-30,0.03799531068248293
2011-07-01,0.0463339816182066
2011-07-05,0.014411243597949104
2011-07-06,0.01065572747248321
2011-07-07,0.04047215846257103
2011-07-08,-0.008279804515310152
2011-07-11,-0.05361519755757413
2011-07-12,-0.024380184203786313
2011-07-13,0.013328441548785595
2011-07-14,-0.034406906729659036
2011-07-15,0.03976831288858019
2011-07-18,-0.01649176942853353
2011-07-19,0.0705186121216117
2011-07-20,-0.013995902431378297
2011-07-21,0.02027936913391825
2011-07-22,0.031028212396820676
2011-07-25,-0.005889273761969206
2011-07-26,0.00549405508413625
2011-07-27,-0.075859825288896
2011-07-28,0.005333693468090734
2011-07-29,-0.009687393240019658
2011-08-01,-0.013509640830432847
2011-08-02,-0.07590702108713125
2011-08-03,0.0008920098090913005
2011-08-04,0.015158380212098067
2011-08-05,-0.010971230871096568
2011-08-08,0.032383072508007704
2011-08-09,0.005973436285528662
2011-08-10,0.032580797492697516
2011-08-11,-0.03619414323728987
2011-08-12,0.007617304182778409
2011-08-15,0.0003154534937215405
2011-08-16,0.014447779939765464
2011-08-17,0.010191952510392531
2011-08-18,0.019728983847892637
2011-08-19,0.01030828734713548
2011-08-22,0.011633581412241543
2011-08-23,-0.02564093671438315
2011-08-24,-0.031157274183945188
2011-08-25,0.007478725641032829
2011-08-26,0.019757056800337458
2011-08-29,-0.016999418507533812
2011-08-30,0.023019056644874858
2011-08-31,-0.011579691418832076
2011-09-01,0.01102092089998641
2011-09-02,0.012424184705356209
2011-09-06,0.004271270351939009
2011-09-07,-0.025454346352244365
2011-09-08,-0.0066528325231024355
2011-09-09,-0.016747400498979326
2011-09-12,-0.010623400431238932
2011-09-13,-0.0018234896906644425
2011-09-14,0.0005083494018286571
2011-09-15,-0.015572348450280316
2011-09-16,-0.0030128408813977314
2011-09-19,-0.002915511140392414
2011-09-20,0.0042011128750433484
2011-09-21,0.008913864510956864
2011-09-22,0.018684174671264927
2011-09-23,-0.00919087447592172
2011-09-26,-0.008027630955712963
2011-09-27,-0.0077631669535973445
2011-09-28,-6.156835201157132e-05
2011-09-29,0.0034604272033113242
2011-09-30,0.012559334702320247
2011-10-03,0.013760260853505733
2011-10-04,-0.006340405039277015
2011-10-05,-0.0035995562283121373
2011-10-06,-0.00933762330797755
2011-10-07,-0.0035851156585808854
2011-10-10,-0.007170682260332972
2011-10-11,-0.0015638318422499685
2011-10-12,-0.007382238689794659
2011-10-13,0.005087631556174342
2011-10-14,-0.00737360529830715
2011-10-17,0.008644210965918142
2011-10-18,0.007663169799895654
2011-10-19,-0.01247239726091852
2011-10-20,0.00030021700599071213
2011-10-21,0.010389470271646016
2011-10-24,0.030509984375563834
2011-10-25,0.007565344265900553
2011-10-26,-0.004869867290373752
2011-10-27,0.022822194981288502
2011-10-28,0.0033060388062964826
2011-10-31,-0.049554944565255485
2011-11-01,-0.013506896957320323
2011-11-02,0.009779422790348057
2011-11-03,0.015279681857475318
2011-11-04,-0.0006058749464473887
2011-11-07,0.020726214808857432
2011-11-08,0.0004401256636027053
2011-11-09,-0.10343562859770483
2011-11-10,0.007027334721724744
2011-11-11,0.014734089658737296
2011-11-14,-0.016976215894226206
2011-11-15,0.007989633948749126
2011-11-16,0.006503971315017769
2011-11-17,-0.026964145862725327
2011-11-18,-0.0038063574118495135
2011-11-21,-6.595739654648158e-05
2011-11-22,0.008640342070625166
2011-11-23,-0.00382400903635924
2011-11-25,-0.0072604433558921795
2011-11-28,0.009035615347370327
2011-11-29,0.005147273078441714
2011-11-30,-0.004824616607225402
2011-12-01,-0.00366129241554062
2011-12-02,0.005999031266313628
2011-12-05,-0.001268136959304138
2011-12-06,-0.007657972914223985
2011-12-07,0.001516497563539273
2011-12-08,-0.0509225468274016
2011-12-09,-0.0007516504908589815
2011-12-12,-0.03281271538350118
2011-12-13,0.004660275989132957
2011-12-14,-0.015807536458762782
2011-12-15,-0.0019626396067759697
2011-12-16,0.00593971679287116
2011-12-19,0.006335534521650254
2011-12-20,-0.0124726506954358
2011-12-21,0.0003668316878556316
2011-12-22,0.002230361666527198
2011-12-23,0.025894283365784757
2011-12-27,0.007686585689887874
2011-12-28,-0.03210117734587276
2011-12-29,0.019482475673427372
2011-12-30,-0.008167212669633985
2012-01-03,0.056919319239342764
2012-01-04,0.011967431657697997
2012-01-05,0.024614863998480837
2012-01-06,0.010333099875833142
2012-01-09,-0.008368171728519362
2012-01-10,0.020496332942234265
2012-01-11,0.006956154676951407
2012-01-12,0.011863859460235712
2012-01-13,-0.011467358774060367
2012-01-17,0.02684938595567684
2012-01-18,0.03972576668944202
2012-01-19,0.02001790329516452
2012-01-20,-0.004427679824739925
2012-01-23,-0.0001201190423125839
2012-01-24,-0.005530409545139935
2012-01-25,0.03820276395412597
2012-01-26,-0.010597195810327824
2012-01-27,0.009885851016536992
2012-01-30,0.0016310218818597186
2012-01-31,0.003491566850166587
2012-02-01,0.024578220082817036
2012-02-02,0.010298685447250249
2012-02-03,0.03976330617277824
2012-02-06,-0.0009701671494049629
2012-02-07,0.004312579445028665
2012-02-08,0.016641877577511063
2012-02-09,0.022178604293381605
2012-02-10,-0.021388036926666913
2012-02-13,0.026922975972225992
2012-02-14,0.008738549154408616
2012-02-15,-0.02232126889628024
2012-02-16,0.04180258009505772
2012-02-17,-0.008504792868015792
2012-02-21,0.008476778707451626
2012-02-22,-0.013209055193859754
2012-02-23,0.018962496647840037
2012-02-24,0.009754336515443638
2012-02-27,0.004829638967844887
2012-02-28,0.029915899064706715
2012-02-29,-0.013141860313657215
2012-03-01,0.02431939199370541
2012-03-02,-0.003015404606863108
2012-03-05,-0.031185690165971138
2012-03-06,-0.02867654433029013
2012-03-07,0.022695727001550262
2012-03-08,0.031716405779803836
2012-03-09,0.012086136784708112
2012-03-12,0.0015997433164864022
2012-03-13,0.056332591332207575
2012-03-14,0.011198203134028738
2012-03-15,0.007646397932487312
2012-03-16,-0.002180409167506295
2012-03-19,0.021768169926991075
2012-03-20,0.005474998789674222
2012-03-21,-0.0003397094766855419
2012-03-22,-0.00604357506472148
2012-03-23,-0.0013700391370526817
2012-03-26,0.05222583177992722
2012-03-27,0.003829447319538963
2012-03-28,-0.011691520429395136
2012-03-29,-0.01026786164645396
2012-03-30,-0.0069722162598174825
2012-04-02,0.03050765111433843
2012-04-03,8.241751266681001e-05
2012-04-04,-0.04079496661877601
2012-04-05,0.018263284426903448
2012-04-09,-0.02300079976007198
2012-04-10,-0.04827542384197645
2012-04-11,0.014467380364817999
2012-04-12,0.03353754371432562
2012-04-13,-0.04522584982338243
2012-04-16,-0.0314889924332208
2012-04-17,0.05894766163910925
2012-04-18,-0.0073063648897395694
2012-04-19,-0.03233189622889308
2012-04-20,-0.010775395709224238
2012-04-23,-0.02516990714945658
2012-04-24,-0.017653129386532868
2012-04-25,0.07943006335698095
2012-04-26,0.017887343763992477
2012-04-27,0.017137203199388676
2012-04-30,-0.020783205633516818
2012-05-01,0.005678359958324272
2012-05-02,0.00659991294083375
2012-05-03,-0.031060910610352634
2012-05-04,-0.07337563379670155
2012-05-07,0.0014412339378255127
2012-05-08,-0.011034983123925209
2012-05-09,-0.005530926801140483
2012-05-10,-0.010245295277757253
2012-05-11,-0.0009841358534743723
2012-05-14,-0.027630826431141113
2012-05-15,-0.008727035924540565
2012-05-16,-0.021704555174757306
2012-05-17,-0.06153193245686898
2012-05-18,-0.040142714196985625
2012-05-21,0.08410939214086215
2012-05-22,-0.003643746398553364
2012-05-23,0.005591881477905814
2012-05-24,-0.017968127910701907
2012-05-25,-0.00566246574746141
2012-05-29,0.03723937121403627
2012-05-30,-0.024287102657738528
2012-05-31,-0.014285578405074372
2012-06-01,-0.07861296860187036
2012-06-04,0.021449135808278497
2012-06-05,0.013765959723897093
2012-06-06,0.06835567411156078
2012-06-07,-0.011202634141129006
2012-06-08,0.02941258052410315
2012-06-11,-0.04783120044065421
2012-06-12,0.031563194091359145
2012-06-13,-0.019609525510535627
2012-06-14,0.011209876121806225
2012-06-15,0.03694779578852878
2012-06-18,0.02578168879515098
2012-06-19,0.03289761685789917
2012-06-20,0.0035606097955114403
2012-06-21,-0.07490710589749693
2012-06-22,0.03111144261714924
2012-06-25,-0.05931013635118228
2012-06-26,0.019330729559951368
2012-06-27,0.018320718337337387
2012-06-28,-0.035980114504101254
2012-06-29,0.09769477860058028
2012-07-02,0.00800036262676135
2012-07-03,0.02380975842078468
2012-07-05,0.003488507745110163
2012-07-06,-0.03939791180017399
2012-07-09,-0.003417698072637339
2012-07-10,-0.030663302905539855
2012-07-11,-0.013735743859361858
2012-07-12,-0.028909341263056543
2012-07-13,0.04345876791218304
2012-07-16,-0.007496922925818208
2012-07-17,0.015318537404408339
2012-07-18,0.040709114471487166
2012-07-19,0.03256705450274852
2012-07-20,-0.03846271390458832
2012-07-23,-0.03699858452761182
2012-07-24,-0.022846761590266277
2012-07-25,-0.02231556205902173
2012-07-26,0.03913030079036619
2012-07-27,0.07573141179976027
2012-07-30,-0.006028128221232727
2012-07-31,0.0005857159968779088
2012-08-01,-0.0097765435464407
2012-08-02,-0.010466300856594685
2012-08-03,0.05687608503431536
2012-08-06,0.02247030475497878
2012-08-07,0.024745210871506773
2012-08-08,-0.0016230073248497815
2012-08-09,0.008484412663890214
2012-08-10,0.0041169267535053405
2012-08-13,0.006061009259711323
2012-08-14,0.0014171454656571269
2012-08-15,0.007077617133003244
2012-08-16,0.035839811836969084
2012-08-17,0.013737378398814521
2012-08-20,0.003848296350846187
2012-08-21,-0.01149922661942141
2012-08-22,0.010789671787211234
2012-08-23,-0.022185025158224195
2012-08-24,0.017740857237038703
2012-08-27,0.004861266875671175
2012-08-28,-0.0001665834920679548
2012-08-29,0.00033282077862185883
2012-08-30,-0.03051947041475811
2012-08-31,0.02133228231126546
2012-09-04,-0.00421236526159858
2012-09-05,-0.004565992453990572
2012-09-06,0.06610075732576996
2012-09-07,-0.004304742287784486
2012-09-10,-0.03681701527512208
2012-09-11,-0.004320535167701613
2012-09-12,0.008678767344547787
2012-09-13,0.03988062608448955
2012-09-14,0.025620987485557845
2012-09-17,0.001861389482556327
2012-09-18,0.0018587701966923437
2012-09-19,0.0066467933170084635
2012-09-20,-0.002302775773367891
2012-09-21,0.0
2012-09-24,-0.018470100213075203
2012-09-25,-0.040144778566821325
2012-09-26,-0.026303364354309248
2012-09-27,0.04245122702450635
2012-09-28,-0.023981886467199353
2012-10-01,-0.0042890314418783425
2012-10-02,0.006460163042400016
2012-10-03,0.018923359083207407
2012-10-04,0.011627778107236567
2012-10-05,-0.017241094324377204
2012-10-08,-0.026478062525839913
2012-10-09,-0.05139271641877398
2012-10-10,-0.012138071944908114
2012-10-11,-0.008902314110746146
2012-10-12,-0.00017974720534733875
2012-10-15,0.019945358708278738
2012-10-16,0.04351607188214713
2012-10-17,-0.0030387139000910626
2012-10-18,-0.03420728213303463
2012-10-19,-0.07224327537131991
2012-10-22,0.015687389925228796
2012-10-23,-0.02958790523160028
2012-10-24,-0.009969962676703886
2012-10-25,0.0
2012-10-26,0.010459201221893819
2012-10-31,-0.019360283443586652
2012-11-01,0.04241590253648469
2012-11-02,-0.036565723995014024
2012-11-05,0.024523192367516204
2012-11-06,0.00608008054322766
2012-11-07,-0.07175342577549883
2012-11-08,-0.0467853647530909
2012-11-09,0.010884463938593431
2012-11-12,0.001477537634670274
2012-11-13,-0.021711436547594373
2012-11-14,-0.03576872087190975
2012-11-15,-0.000986452458961632
2012-11-16,-0.0004348045146675421
2012-11-19,-0.0028091551909009385
2012-11-20,0.00020977560583270086
2012-11-21,0.007068599885977605
2012-11-23,0.045839340500377176
2012-11-26,0.012833311940518467
2012-11-27,-0.011306474286612798
2012-11-28,0.026814497512718877
2012-11-29,0.017281551288340323
2012-11-30,-0.003586252596121693
2012-12-03,-0.004924656304898794
2012-12-04,-0.006473146474950206
2012-12-05,-0.030849013687860673
2012-12-06,0.018387689729678906
2012-12-07,-0.01708454307603347
2012-12-10,0.008886748764226628
2012-12-11,0.03856746162174418
2012-12-12,-0.00678575043471196
2012-12-13,-0.022585577334038164
2012-12-14,-0.0283487046127631
2012-12-17,0.03896983787840092
2012-12-18,0.046354514988208396
2012-12-19,-0.014338490942352133
2012-12-20,0.0007451085481811976
2012-12-21,-0.03112026119624001
2012-12-24,-0.008464387142431052
2012-12-26,-0.023666055860932473
2012-12-27,-0.005563644477173563
2012-12-28,-0.028970687434567346
2012-12-31,0.06522620032101333
2013-01-02,0.09329658957453983
2013-01-03,-0.014486208928301741
2013-01-04,-0.009860403135938212
2013-01-07,0.0010863351420753503
2013-01-08,-0.005788552717017106
2013-01-09,0.01018880962275856
2013-01-10,0.017647353428166864
2013-01-11,0.0037149329567197635
2013-01-14,-0.012869449710858984
2013-01-15,-0.014824863771943433
2013-01-16,0.011241762332396947
2013-01-17,0.015416693736217462
2013-01-18,-0.005648887689578259
2013-01-22,0.004084028594399419
2013-01-23,0.01626817829955777
2013-01-24,-0.03984657369639072
2013-01-25,0.014859414837312807
2013-01-28,0.007142911657998478
2013-01-29,0.0
2013-01-30,-0.005495964559764625
2013-01-31,-0.006418076476658248
2013-02-01,0.032835911821880955
2013-02-04,-0.050901825739055356
2013-02-05,0.0439317367211976
2013-02-06,-0.009293632425738656
2013-02-07,0.002477130755959577
2013-02-08,0.030367806345956882
2013-02-11,-0.0003437910237432416
2013-02-12,-0.01165535607970275
2013-02-13,0.011619814769497519
2013-02-14,-0.0020573067517123326
2013-02-15,-0.00858921451040226
2013-02-19,0.021833319581873567
2013-02-20,-0.04561668667788057
2013-02-21,-0.03251493025417397
2013-02-22,0.02938339447181098
2013-02-25,-0.03728820294498123
2013-02-26,0.012045983104900423
2013-02-27,0.030398109322433718
2013-02-28,-0.003732917628049323
2013-03-01,0.010346563433330248
2013-03-04,0.012888255412919544
2013-03-05,0.04392533935702012
2013-03-06,-0.0063442550664132005
2013-03-07,0.008738218805363043
2013-03-08,0.0011662343176330919
2013-03-11,0.010315410906182225
2013-03-12,-0.012186814859096737
2013-03-13,-0.0031671149155787287
2013-03-14,0.010202064938779657
2013-03-15,-0.00943776453267837
2013-03-18,-0.006853280338254133
2013-03-19,-0.004038934158220899
2013-03-20,0.0190946992148247
2013-03-21,-0.03200122090786757
2013-03-22,0.02757821817971469
2013-03-25,-0.010168259492962755
2013-03-26,0.015325184204918633
2013-03-27,0.005307096290554062
2013-03-28,0.005774877984659453
2013-04-01,-0.019357432923238202
2013-04-02,0.022583540703158923
2013-04-03,-0.026500938109398138
2013-04-04,0.0005032429074107905
2013-04-05,-0.024520827669432487
2013-04-08,0.015323799726895602
2013-04-09,0.019670536680953195
2013-04-10,0.05854055563842557
2013-04-11,-0.0017284518534042821
2013-04-12,-0.0011014321839507327
2013-04-15,-0.060815810583776775
2013-04-16,0.041770878597590086
2013-04-17,-0.05845329834347812
2013-04-18,-0.04327126162641236
2013-04-19,0.041473300575433386
2013-04-22,0.030724845648365723
2013-04-23,0.029474453034748428
2013-04-24,-0.0024256999752571007
2013-04-25,0.016216089057544084
2013-04-26,-0.008457249954398453
2013-04-29,0.02655204254976177
2013-04-30,0.021948074314361545
2013-05-01,-0.01273258786036898
2013-05-02,0.036203292519554425
2013-05-03,0.03493651160580284
2013-05-06,0.012894908704998775
2013-05-07,-0.0024319894963954563
2013-05-08,0.015630851977589174
2013-05-09,-0.0035309922396699546
2013-05-10,0.017002117044898034
2013-05-13,0.0039012322942766466
2013-05-14,0.014710585011736992
2013-05-15,0.007385157369894086
2013-05-16,-0.0036665707242151393
2013-05-17,0.02820622269234416
2013-05-20,-0.004505678106908403
2013-05-21,0.003727611950763821
2013-05-22,-0.02440355522854402
2013-05-23,-0.01087522598414191
2013-05-24,-0.0005499301314884847
2013-05-28,0.020626732204540883
2013-05-29,-0.0150906105760313
2013-05-30,0.016279213973676862
2013-05-31,-0.028536407515444066
2013-06-03,0.005819763574450693
2013-06-04,-0.015015737952231857
2013-06-05,-0.03832213992685607
2013-06-06,0.012216591132991126
2013-06-07,0.04181094984683935
2013-06-10,0.0004131015968418981
2013-06-11,-0.028949401760384
2013-06-12,-0.03464009066805132
2013-06-13,0.0358830839495117
2013-06-14,-0.017604194850168172
2013-06-17,0.02774585973802647
2013-06-18,0.023621817312627556
2013-06-19,-0.031455911689009707
2013-06-20,-0.07374751018273472
2013-06-21,-0.014087337084143633
2013-06-24,-0.030905478869355074
2013-06-25,0.02131388018948158
2013-06-26,0.027302686233099054
2013-06-27,0.011149914333983268
2013-06-28,0.002719231689742793
2013-07-01,0.021392242839658702
2013-07-02,0.0004431314754484653
2013-07-03,0.013562993443210134
2013-07-05,0.02210861510911367
2013-07-08,0.003273098935429026
2013-07-09,0.018298689609717724
2013-07-10,0.016854640610673197
2013-07-11,0.06232882524175053
2013-07-12,0.010444150200027726
2013-07-15,0.007784508924802395
2013-07-16,-0.003925343840148748
2013-07-17,0.007118870513054119
2013-07-18,-0.007320599714713934
2013-07-19,-0.03039211303554927
2013-07-22,0.007213216841449755
2013-07-23,-0.022265042895048142
2013-07-24,0.009454342677313618
2013-07-25,0.018073950185792713
2013-07-26,0.016587676800880403
2013-07-29,-0.004588856054039587
2013-07-30,0.014854050758913852
2013-07-31,0.006308794591524236
2013-08-01,0.030470698972008964
2013-08-02,0.016671072662600844
2013-08-05,0.002154265279540777
2013-08-06,-0.017795306204995174
2013-08-07,-0.005715197117573126
2013-08-08,0.013330053922553441
2013-08-09,-0.010741373675036485
2013-08-12,0.006222460813573661
2013-08-13,0.016610285547966307
2013-08-14,-0.011091815226630523
2013-08-15,-0.05016849998101603
2013-08-16,-0.003555563979935674
2013-08-19,-0.003949851498009657
2013-08-20,0.013688437685011148
2013-08-21,-0.009969568786560492
2013-08-22,0.028552609286028232
2013-08-23,0.021067896876292493
2013-08-26,0.0008495821024877456
2013-08-27,-0.06293900794087934
2013-08-28,0.012942074116038739
2013-08-29,0.02069760918875804
2013-08-30,-0.01865102807231167
2013-09-03,0.016453425598479843
2013-09-04,0.032627240466643434
2013-09-05,0.004374794442305149
2013-09-06,0.003629879594451014
2013-09-09,0.03520109551901084
2013-09-10,0.015139399108282586
2013-09-11,-0.005047167993688744
2013-09-12,-0.004497245814340894
2013-09-13,0.0032435533314294895
2013-09-16,-0.008427711611172476
2013-09-17,0.020024931028266846
2013-09-18,0.036754177562098034
2013-09-19,0.00616503672691246
2013-09-20,-0.010941440362032963
2013-09-23,-0.005642823040480734
2013-09-24,0.00022208857020771577
2013-09-25,-0.009454613729364946
2013-09-26,0.022908588856776317
2013-09-27,-0.004720464007800166
2013-09-30,-0.006286620076535018
2013-10-01,0.029969844065937466
2013-10-02,-0.0018321177817991253
2013-10-03,-0.03476617721600599
2013-10-04,0.02572687013470859
2013-10-07,-0.024753962022327505
2013-10-08,-0.05658123047873371
2013-10-09,-0.011022464173976947
2013-10-10,0.06351840751025004
2013-10-11,0.02253750983102108
2013-10-14,0.020719337559683693
2013-10-15,-0.010689476081785443
2013-10-16,0.03415908258813032
2013-10-17,0.016146401425517657
2013-10-18,0.04943397403609355
2013-10-21,0.005739473214222951
2013-10-22,0.0034443126609024137
2013-10-23,-0.016082057232094295
2013-10-24,0.012457609685080463
2013-10-25,0.01998262885054258
2013-10-28,0.0020267824828085414
2013-10-29,0.004815525262723254
2013-10-30,-0.0031633843654519608
2013-10-31,-0.006442003791021064
2013-11-01,-0.00048434878798619263
2013-11-04,0.004841988128228929
2013-11-05,0.004239424466574277
2013-11-06,-0.0017273561320160775
2013-11-07,-0.055459277411700966
2013-11-08,0.03948356669180846
2013-11-11,-0.004797958666533092
2013-11-12,0.004919148535026476
2013-11-13,0.0358261490984951
2013-11-14,0.007748695030877822
2013-11-15,0.006939587497136635
2013-11-18,-0.027659208290564414
2013-11-19,-0.009864902994697753
2013-11-20,-0.006964519648684395
2013-11-21,0.030585882078656916
2013-11-22,0.01578470272236138
2013-11-25,0.006606714258908142
2013-11-26,0.016546658505369762
2013-11-27,0.020005736694481607
2013-11-29,0.016403067281061674
2013-12-02,-0.006227941584892175
2013-12-03,-0.0029118780460462034
2013-12-04,0.002567523239538238
2013-12-05,-0.0030904217017696817
2013-12-06,0.020635971176688174
2013-12-09,0.011974826766603499
2013-12-10,-0.001801056827854336
2013-12-11,-0.037367532763427865
2013-12-12,-0.008120626843417748
2013-12-13,-0.004768422327347107
2013-12-16,0.01717545309071849
2013-12-17,-0.006309235348409616
2013-12-18,0.03452217590666367
2013-12-19,-0.008990672407662914
2013-12-20,0.030096589259072735
2013-12-23,0.03235097935296818
2013-12-24,0.0013947524832855873
2013-12-26,0.009747992349704356
2013-12-27,-0.007301778961292738
2013-12-30,-0.005229995738587586
2013-12-31,0.019635330578410215
2014-01-02,-0.0233666667992413
2014-01-03,-0.021780471961048018
2014-01-06,-0.010626695499486775
2014-01-07,0.025914623820870657
2014-01-08,0.0074781295172738045
2014-01-09,-0.010309197482222405
2014-01-10,0.0099999207406555
2014-01-13,-0.04447215447855066
2014-01-14,0.05724935785027776
2014-01-15,0.02335773988224915
2014-01-16,0.0020757156260944637
2014-01-17,-0.017760500476647165
2014-01-21,0.022379135545621813
2014-01-22,0.009278514016977366
2014-01-23,-0.012022274494489085
2014-01-24,-0.05925444238111685
2014-01-27,-0.029083171406730786
2014-01-28,-0.00034868537958848624
2014-01-29,-0.03153263553055528
2014-01-30,0.05270727184601011
2014-01-31,-0.0070059730991946755
2014-02-03,-0.06625374444063803
2014-02-04,0.019535502620831324
2014-02-05,-0.009219103158697914
2014-02-06,0.038313983940225206
2014-02-07,0.053066640208623644
2014-02-10,0.01835429763917019
2014-02-11,0.03424560588125461
2014-02-12,0.004752814723769109
2014-02-13,0.02570160521486962
2014-02-14,0.002921103823003651
2014-02-18,0.01563460329191793
2014-02-19,-0.02188358727774432
2014-02-20,0.014504210444383886
2014-02-21,-0.005171628162434554
2014-02-24,0.017581919809990656
2014-02-25,-0.003606029354880516
2014-02-26,-0.00331764115359986
2014-02-27,0.019667843710743316
2014-02-28,-0.005045112440148013
2014-03-03,-0.021920646788253347
2014-03-04,0.040250119930509594
2014-03-05,0.008207717813315049
2014-03-06,-0.0037799221595934854
2014-03-07,-0.014299619414089013
2014-03-10,0.0020717376592679516
2014-03-11,-0.012409439928656459
2014-03-12,0.011219333636794638
2014-03-13,-0.042455349597561774
2014-03-14,-0.020547319068024806
2014-03-17,0.026656730047900288
2014-03-18,0.0359501363101898
2014-03-19,-0.016461634231157603
2014-03-20,0.007840674075408692
2014-03-21,-0.036654683408824225
2014-03-24,-0.025159420560835036
2014-03-25,0.009240626957876778
2014-03-26,-0.03804324431879893
2014-03-27,-0.017722356498213847
2014-03-28,0.006515375023996841
2014-03-31,0.01991676129999922
2014-04-01,0.05419062750749426
2014-04-02,0.00787290796169806
2014-04-03,-0.023587094961137034
2014-04-04,-0.0793725840352302
2014-04-07,-0.029987619051624073
2014-04-08,0.027928831182893025
2014-04-09,0.051264738203342534
2014-04-10,-0.09232816541639574
2014-04-11,-0.03492126257153918
2014-04-14,0.02245373633559473
2014-04-15,0.009981442729966048
2014-04-16,0.038814237295542536
2014-04-17,0.0005188747862361877
2014-04-21,0.022648904256833774
2014-04-22,0.024513750502871086
2014-04-23,-0.027227707773684405
2014-04-24,0.029516327778294594
2014-04-25,-0.04827820152947361
2014-04-28,0.010734261550922945
2014-04-29,0.022096560368506976
2014-04-30,0.00888245971710142
2014-05-01,0.008970247899505865
2014-05-02,-0.0049392425985938255
2014-05-05,0.014228555054677749
2014-05-06,-0.03866227945486468
2014-05-07,-0.008993183122451485
2014-05-08,-0.003425041954908562
2014-05-09,0.011684213259077978
2014-05-12,0.04874256547620569
2014-05-13,0.0021058712591466534
2014-05-14,-0.014867617761760708
2014-05-15,-0.023130013204623476
2014-05-16,0.018639631301374655
2014-05-19,0.0214307610154971
2014-05-20,-0.010974486909534393
2014-05-21,0.02823078859015901
2014-05-22,0.01237893130234814
2014-05-23,0.022417457976997936
2014-05-27,0.03756542799205865
2014-05-28,-0.00945804937628042
2014-05-29,0.02028996934740103
2014-05-30,-0.0008773845420300027
2014-06-02,-0.002488223357954505
2014-06-03,-0.0014668598221981137
2014-06-04,0.010578869078943993
2014-06-05,0.026024641546671685
2014-06-06,0.016154237357822256
2014-06-09,-0.0018127090598601123
2014-06-10,0.0057277951331612086
2014-06-11,-0.001528128603958568
2014-06-12,-0.026154703073840047
2014-06-13,0.006857038777781017
2014-06-16,0.0036892010796511785
2014-06-17,0.0014135313008981042
2014-06-18,0.018209928236932755
2014-06-19,-0.003881550209867433
2014-06-20,0.0036188560547515142
2014-06-23,0.001108856241041622
2014-06-24,-0.0027701958249352313
2014-06-25,0.01836647525828091
2014-06-26,0.0027289407637158527
2014-06-27,0.009931580968252989
2014-06-30,0.007409976796845791
2014-07-01,0.03356463204606722
2014-07-02,0.003881353601335155
2014-07-03,0.019203898507675253
2014-07-07,-0.009610349717453236
2014-07-08,-0.03485708256482678
2014-07-09,0.022621893662855254
2014-07-10,-0.009443899154408542
2014-07-11,0.017370030734882108
2014-07-14,0.019126541594771354
2014-07-15,-0.010454139792657842
2014-07-16,0.011328411938463461
2014-07-17,-0.03989891621051088
2014-07-18,0.04732540956191123
2014-07-21,-0.0036299758574172784
2014-07-22,0.019849292187136946
2014-07-23,0.018723937433158054
2014-07-24,-0.0035067806370980203
2014-07-25,-0.012255978489575704
2014-07-28,0.001229026527733876
2014-07-29,-0.005030888446894491
2014-07-30,0.011961754982530647
2014-07-31,-0.06093081918213807
2014-08-01,-0.011549628607682215
2014-08-04,0.02048063117203678
2014-08-05,-0.023414525441082495
2014-08-06,-0.0017123667815591805
2014-08-07,-0.00963292875392619
2014-08-08,0.02131884356090087
2014-08-11,0.018134526655003563
2014-08-12,-0.0023068316722412593
2014-08-13,0.03249477171240932
2014-08-14,0.015424443212938024
2014-08-15,0.013597987781526774
2014-08-18,0.02417232407431116
2014-08-19,0.017228632699145117
2014-08-20,0.0
2014-08-21,0.005685014542971151
2014-08-22,0.003921627164584066
2014-08-25,0.01114554723410082
2014-08-26,0.003409112126857135
2014-08-27,0.00011369403789283233
2014-08-28,-0.004076640153341373
2014-08-29,0.011711028551872341
2014-09-02,0.00831652567807035
2014-09-03,-0.01716468137650988
2014-09-04,-0.003175342708291172
2014-09-05,0.015472085820153315
2014-09-08,0.005041382069345537
2014-09-09,-0.02430020671277444
2014-09-10,0.023191808195586295
2014-09-11,-0.0007815701589927408
2014-09-12,-0.01575574469596209
2014-09-15,-0.030086429889018378
2014-09-16,0.02704002252202111
2014-09-17,0.00490049435732142
2014-09-18,0.021549206668197565
2014-09-19,-0.002220174783385114
2014-09-22,-0.027150621294279535
2014-09-23,-0.008692653137510623
2014-09-24,0.03242213335266649
2014-09-25,-0.06347810908914803
2014-09-26,0.031981102160876546
2014-09-29,-0.00335350073532037
2014-09-30,0.0037130992734691016
2014-10-01,-0.04785601056941028
2014-10-02,-0.0004858357932012801
2014-10-03,0.03012286310923021
2014-10-06,-0.006838644287240376
2014-10-07,-0.042265329392136314
2014-10-08,0.05776580455428654
2014-10-09,-0.04980613634712491
2014-10-10,-0.0748648763406586
2014-10-13,-0.046793618015552166
2014-10-14,0.0031615425479641812
2014-10-15,0.003948135249129316
2014-10-16,-0.002216265305323063
2014-10-17,-0.0037573464414656877
2014-10-20,0.005220853351192137
2014-10-21,0.07820844352186387
2014-10-22,-0.01549838536253074
2014-10-23,0.045717727132665545
2014-10-24,0.02300332416261301
2014-10-27,0.003767601265045587
2014-10-28,0.044686649540049236
2014-10-29,-0.012013063953652196
2014-10-30,0.006250415067694249
2014-10-31,0.04121917577961103
2014-11-03,0.010303915402990835
2014-11-04,-0.010628051224353594
2014-11-05,-0.00010840964294631026
2014-11-06,0.008572932101883979
2014-11-07,-0.002474891671277502
2014-11-10,0.010247167704373847
2014-11-11,0.0095026737435269
2014-11-12,0.0054994493421164446
2014-11-13,0.012832854640200194
2014-11-14,0.009242685356098316
2014-11-17,-0.009363907328203674
2014-11-18,0.02243671759559842
2014-11-19,-0.012699366590917818
2014-11-20,0.013274262839954372
2014-11-21,0.007210454278545359
2014-11-24,0.02258503226324815
2014-11-25,0.0032539647309912604
2014-11-26,0.02044226608130058
2014-11-28,0.01492854141004275
2014-12-01,-0.03691415270025004
2014-12-02,0.010739711586634077
2014-12-03,0.00906582790616187
2014-12-04,-0.002994521015025169
2014-12-05,0.0006785028101237238
2014-12-08,-0.021593977460352798
2014-12-09,0.009699127265587845
2014-12-10,-0.04842193060485099
2014-12-11,0.0156574080991361
2014-12-12,-0.03306307205431229
2014-12-15,-0.02999776650522965
2014-12-16,-0.049632480949808086
2014-12-17,0.053703609353689924
2014-12-18,0.07331757507167873
2014-12-19,0.011167104636860957
2014-12-22,0.009224755279009176
2014-12-23,-0.009564320670619117
2014-12-24,0.0020902818190172514
2014-12-26,0.020266894189872434
2014-12-29,0.00019488597178430822
2014-12-30,-0.020639066285578506
2014-12-31,-0.031312081600185386
2015-01-02,-0.008209050339521733
2015-01-05,-0.04500772958428105
2015-01-06,-0.039653415806561794
2015-01-07,0.038469813079334544
2015-01-08,0.05703412334128957
2015-01-09,-0.02024618058293558
2015-01-12,-0.030735596967591282
2015-01-13,-0.00086585522236393
2015-01-14,-0.015381124593959926
2015-01-15,-0.03971375453584877
2015-01-16,0.03562789297734027
2015-01-20,0.022124020754333278
2015-01-21,0.015368002146044474
2015-01-22,0.055638435986300326
2015-01-23,0.006663739246454817
2015-01-26,-0.0022064419945858997
2015-01-27,-0.0774024707321762
2015-01-28,-0.017214832860611033
2015-01-29,0.0289358153467419
2015-01-30,-0.02295028969586068
2015-02-02,0.02624604160916704
2015-02-03,0.0272944915751551
2015-02-04,-0.002615359814504524
2015-02-05,0.026534075389410303
2015-02-06,-0.018185824451093045
2015-02-09,-0.011030008486115133
2015-02-10,0.04787471987633371
2015-02-11,0.011246026258432315
2015-02-12,0.03495175820593299
2015-02-13,0.025232326892346574
2015-02-17,0.0027143188428126693
2015-02-18,0.004292964379515573
2015-02-19,0.015054200467746966
2015-02-20,0.019225715617676577
2015-02-23,0.003952217934890185
2015-02-24,0.0020575422685598756
2015-02-25,-0.008035426066601074
2015-02-26,0.015211448988039288
2015-02-27,-0.013210610231511133
2015-03-02,0.02695432858616265
2015-03-03,-0.014348604683510756
2015-03-04,-0.011094835115811209
2015-03-05,0.004398126542633729
2015-03-06,-0.034405834876472
2015-03-09,0.009624941396571088
2015-03-10,-0.055366722024084616
2015-03-11,-0.017564371902984675
2015-03-12,0.019162054640547273
2015-03-13,-0.012890008881295087
2015-03-16,0.038291809092914714
2015-03-17,0.005579054684773907
2015-03-18,0.028775520944448248
2015-03-19,0.004844725758356679
2015-03-20,0.020740266805402235
2015-03-23,-0.008376698408074425
2015-03-24,-0.010155794361307584
2015-03-25,-0.06972736653338608
2015-03-26,-0.008199082138825621
2015-03-27,0.00964485094929584
2015-03-30,0.0359684946635769
2015-03-31,-0.030956007297940232
2015-04-01,-0.016895018359120856
2015-04-02,0.001679076404572907
2015-04-06,0.024058100917678304
2015-04-07,-0.00462155152086772
2015-04-08,0.02379591804900944
2015-04-09,0.0186131412174392
2015-04-10,0.011965614096108674
2015-04-13,-0.007424331285689499
2015-04-14,-0.0085882639653749
2015-04-15,0.017697466405313948
2015-04-16,-0.0034781848234655163
2015-04-17,-0.046748180895182824
2015-04-20,0.04470502134353915
2015-04-21,0.012819599324675579
2015-04-22,0.016208190170721243
2015-04-23,0.012007626806659675
2015-04-24,0.03913559567648663
2015-04-27,-0.00639073296551379
2015-04-28,-0.006517183523252303
2015-04-29,-0.019076489925853642
2015-04-30,-0.04699068931199266
2015-05-01,0.04044331019434991
2015-05-04,0.003549476725856296
2015-05-05,-0.04739955049636639
2015-05-06,-0.021351790761298523
2015-05-07,0.017168928692228337
2015-05-08,0.03665047971655816
2015-05-11,-0.010974832530280523
2015-05-12,-0.012916406331753737
2015-05-13,0.00516031417435195
2015-05-14,0.04427957364586535
2015-05-15,-8.747500544341746e-05
2015-05-18,0.012290785170590655
2015-05-19,-0.002862104430594437
2015-05-20,0.0016532965445631195
2015-05-21,0.015716915366476705
2015-05-22,-0.002735745465690423
2015-05-26,-0.034633599518675166
2015-05-27,0.04813062928758795
2015-05-28,-0.007370881363404547
2015-05-29,-0.016899993580278615
2015-06-01,0.00876890445009781
2015-06-02,-0.00912281806533616
2015-06-03,0.00877250197032698
2015-06-04,-0.021783951823598005
2015-06-05,-0.007569938114312686
2015-06-08,-0.030598664747890608
2015-06-09,-0.0049406093025442495
2015-06-10,0.03962861862815501
2015-06-11,0.0054835384223391025
2015-06-12,-0.02542043847541303
2015-06-15,-0.013808326289875907
2015-06-16,0.015283164928247175
2015-06-17,0.008382904342253332
2015-06-18,0.04228154304810585
2015-06-19,-0.01526623802661405
2015-06-22,0.02412490618295835
2015-06-23,0.0024660853144553
2015-06-24,-0.01535467370884494
2015-06-25,-0.00654760867960429
2015-06-26,-0.018558853070415292
2015-06-29,-0.07068984089543386
2015-06-30,0.011410302547287853
2015-07-01,0.020494256541991735
2015-07-02,0.0037766505745683945
2015-07-06,-0.00844334823465899
2015-07-07,0.005091124977444313
2015-07-08,-0.05009693037735855
2015-07-09,-0.002908380134115186
2015-07-10,0.0464757013653177
2015-07-13,0.0511006948567452
2015-07-14,0.02006553949346988
2015-07-15,0.004766004040930718
2015-07-16,0.039068806708155344
2015-07-17,0.04573366512480786
2015-07-20,0.011191311188483894
2015-07-21,-0.0027472626084183516
2015-07-22,-0.03282192846873877
2015-07-23,-0.011962662000298111
2015-07-24,-0.02841639649876675
2015-07-27,-0.0256864319190345
2015-07-28,0.02636361922951273
2015-07-29,0.011190458045678166
2015-07-30,0.013916657443644644
2015-07-31,-0.003059286169877201
2015-08-03,-0.009206221987556624
2015-08-04,-0.0064459176358662475
2015-08-05,0.023422751499301262
2015-08-06,-0.04799542767650633
2015-08-07,-0.003978013426341659
2015-08-10,0.0337733631885094
2015-08-11,-0.03812876471510331
2015-08-12,0.008818249122997994
2015-08-13,-0.004500361732926737
2015-08-14,0.005390467553300457
2015-08-17,0.02455876425790423
2015-08-18,-0.015952160784747097
2015-08-19,-0.018783872188374833
2015-08-20,-0.08234255794199095
2015-08-21,0.004631607912663115
2015-08-24,-0.0028579012796696016
2015-08-25,-0.01422994470339644
2015-08-26,-0.016476801350897553
2015-08-27,0.0005659664728816399
2015-08-28,0.00597769181337207
2015-08-31,-0.00328951019821591
2015-09-01,-0.03223764441480569
2015-09-02,-0.002765434786311198
2015-09-03,0.004693103063288712
2015-09-04,-0.010097351108267778
2015-09-08,-0.001849830033534784
2015-09-09,-0.02344128167110277
2015-09-10,0.014363703782859963
2015-09-11,-0.009268016091858988
2015-09-14,-0.008873695630635222
2015-09-15,0.006145244599019778
2015-09-16,0.027110500288262306
2015-09-17,-0.00749127974759423
2015-09-18,-0.027572211584225223
2015-09-21,0.014814992718085847
2015-09-22,-0.007283348997784366
2015-09-23,-0.020061925595362566
2015-09-24,0.00819991877849099
2015-09-25,0.007443139121106437
2015-09-28,-0.0178780293026274
2015-09-29,0.00141562228086178
2015-09-30,-0.0018431122856741046
2015-10-01,-0.0011671502238598166
2015-10-02,0.0030286390879011287
2015-10-05,-0.0077927539078203045
2015-10-06,0.014782552398194426
2015-10-07,-0.0070613517260775666
2015-10-08,0.012540762683724995
2015-10-09,0.0006721031225303982
2015-10-12,-0.019278987084059594
2015-10-13,-0.005694006649449603
2015-10-14,0.008384225868068324
2015-10-15,-0.004734177000319558
2015-10-16,-0.003369549022822364
2015-10-19,-0.014901180459907985
2015-10-20,9.480755558092819e-05
2015-10-21,0.0005308077486361005
2015-10-22,0.0006670800714103079
2015-10-23,0.0831571833158842
2015-10-26,0.002969336592260042
2015-10-27,0.006512671331176828
2015-10-28,0.02319355244523854
2015-10-29,-0.003696033376181597
2015-10-30,-0.013684370919712339
2015-11-02,0.03409945936312205
2015-11-03,0.009537261242643145
2015-11-04,0.00040030344060566346
2015-11-05,-0.00880276654524975
2015-11-06,0.003310023196784027
2015-11-09,-0.03218804384045891
2015-11-10,-0.00706730151074814
2015-11-11,-0.0044378835369727225
2015-11-12,-0.029018709160539852
2015-11-13,0.0027477388052686686
2015-11-16,-0.000350290877563423
2015-11-17,0.0034461823092217887
2015-11-18,0.05732141284736722
2015-11-19,0.0014989570838474923
2015-11-20,0.019873058034901234
2015-11-23,-0.008071567954862642
2015-11-24,-0.003123182413477936
2015-11-25,0.002226040004421518
2015-11-27,0.0036198494716061314
2015-11-30,-0.00631164186737236
2015-12-01,0.029697902343105098
2015-12-02,-0.018186204053393763
2015-12-03,-0.050999664359605394
2015-12-04,0.06870166290672694
2015-12-07,-0.012229444585483534
2015-12-08,8.14562215938581e-05
2015-12-09,-0.04658759555134313
2015-12-10,0.01418089310163114
2015-12-11,-0.06856456639341138
2015-12-14,-0.006464226967544521
2015-12-15,-0.0030564696921657917
2015-12-16,-0.000961084697137225
2015-12-17,-0.041646126949385395
2015-12-18,0.0028837713729453827
2015-12-21,-0.0002311614539565327
2015-12-22,-0.006229606647761303
2015-12-23,-0.0052227575548223736
2015-12-24,-0.002056736433118891
2015-12-28,-0.0002574023320382617
2015-12-29,0.04560687861848817
2015-12-30,-0.025546620172315505
2015-12-31,-0.03708970461491517
2016-01-04,0.007156446548765986
2016-01-05,-0.0006078070031207007
2016-01-06,0.006519149109634976
2016-01-07,0.007966827648099573
2016-01-08,2.5422567246111832e-05
2016-01-11,-0.009919163259565033
2016-01-12,0.004682489911130977
2016-01-13,0.007375450381502932
2016-01-14,-0.012797421267056394
2016-01-15,0.012938497966297084
2016-01-19,-0.0020312440687566677
2016-01-20,0.011948827513070751
2016-01-21,-0.002824950662322131
2016-01-22,-0.004229880579858363
2016-01-25,0.007855624395956363
2016-01-26,0.005941049344950258
2016-01-27,0.0017451422208169878
2016-01-28,-0.004625163003507587
2016-01-29,0.006162440970400994
2016-02-01,0.0036115811050815077
2016-02-02,0.00946116280830388
2016-02-03,0.0012193852899840905
2016-02-04,0.008464058478902083
2016-02-05,0.008496851055898407
2016-02-08,0.017481742170851192
2016-02-09,-0.000565815094156475
2016-02-10,0.008279828856440956
2016-02-11,0.02359613359774418
2016-02-12,-0.011240620126728938
2016-02-16,-0.020450659499009743
2016-02-17,1.8889658109816007e-05
2016-02-18,0.005332891337494415
2016-02-19,-0.009352114651471828
2016-02-22,-0.009154793177131634
2016-02-23,0.0095136223235452
2016-02-24,0.0006748865077873172
2016-02-25,0.003108648296817078
2016-02-26,-0.008256737161714546
2016-02-29,0.008717760986680855
2016-03-01,-0.012470951504167516
2016-03-02,0.012060231260554465
2016-03-03,0.005948500629510435
2016-03-04,0.008903059013505573
2016-03-07,0.026322993859856036
2016-03-08,-0.025061120582361724
2016-03-09,0.021760112190833892
2016-03-10,-0.00616441001626487
2016-03-11,0.00933719600920168
2016-03-14,0.005828217299261947
2016-03-15,-0.000632261995577082
2016-03-16,0.025511362670480653
2016-03-17,-0.0028785224912326233
2016-03-18,0.005773354447277502
2016-03-21,0.011890077961101786
2016-03-22,0.00891431816108101
2016-03-23,-0.0237954175140261
2016-03-24,-0.0003083728520497233
2016-03-28,-0.0036010834945366874
2016-03-29,0.04780615879057062
2016-03-30,0.01497794055214791
2016-03-31,-0.005825115446107313
2016-04-01,0.03330087794089045
2016-04-04,-0.012380699134123312
2016-04-05,-0.02688994070329433
2016-04-06,0.04789034282010533
2016-04-07,-0.04316767997817228
2016-04-08,-0.0023538354132844226
2016-04-11,-0.010715977499026336
2016-04-12,0.023353289403032804
2016-04-13,0.039036543588730814
2016-04-14,0.0006540054657536758
2016-04-15,-0.007658270970862896
2016-04-18,0.014776123477057134
2016-04-19,-0.01725062782521346
2016-04-20,0.0024536217894880184
2016-04-21,0.0002825567008253624
2016-04-22,-0.04527094165719697
2016-04-25,-0.0007885550260032159
2016-04-26,-0.013713484816914302
2016-04-27,-0.02400739455776294
2016-04-28,-0.035461536122847304
2016-04-29,-0.015938635154943395
2016-05-02,0.026454990703127852
2016-05-03,-0.026615084136517357
2016-05-04,-0.019777411696800935
2016-05-05,-0.0005508246713726805
2016-05-06,0.01445060518899557
2016-05-09,0.008808320057286568
2016-05-10,0.04193190421735732
2016-05-11,-0.02731202394380576
2016-05-12,-0.014039713975818552
2016-05-13,-0.012081925183923255
2016-05-16,0.03854509239082372
2016-05-17,-0.03837606580764139
2016-05-18,0.011370731871950385
2016-05-19,-0.015783605878729685
2016-05-20,0.03339186279057886
2016-05-23,-0.004889386019674074
2016-05-24,0.061204817542558666
2016-05-25,0.02154010255495889
2016-05-26,0.008374815720023207
2016-05-27,0.015048338877307586
2016-05-31,0.005968187814299207
2016-06-01,0.0003830200288612386
2016-06-02,0.005643180657872244
2016-06-03,-0.013697052655991032
2016-06-06,0.010704814473945343
2016-06-07,-0.007060650537988776
2016-06-08,0.004420463006030491
2016-06-09,-0.004401008510719629
2016-06-10,-0.033634618849555535
2016-06-13,-0.025656464782061978
2016-06-14,0.0005106962178572584
2016-06-15,-0.008977245169076862
2016-06-16,0.007205690278632494
2016-06-17,-0.03423620621578346
2016-06-20,0.01798965725078066
2016-06-21,0.009979212319866948
2016-06-22,-0.006484147491162808
2016-06-23,0.04216278341042665
2016-06-24,-0.12246502993017021
2016-06-27,-0.05822426759762752
2016-06-28,-0.004326305961954659
2016-06-29,0.05195232487278669
2016-06-30,0.036367770403790904
2016-07-01,0.013704338834805107
2016-07-05,-0.0177182651818221
2016-07-06,0.023563461549561106
2016-07-07,0.009473725437748989
2016-07-08,0.04621569363795967
2016-07-11,0.017072179039609985
2016-07-12,0.015741511274553886
2016-07-13,-0.007002190888152351
2016-07-14,0.02030859983908446
2016-07-15,-0.005620965420328182
2016-07-18,0.019923987786300404
2016-07-19,-0.010358052658546075
2016-07-20,0.03424562864252168
2016-07-21,-0.005947636654363311
2016-07-22,0.01160911775433613
2016-07-25,0.0008824831399189926
2016-07-26,0.0033516891863922564
2016-07-27,0.019514770610602073
2016-07-28,0.01086383695642813
2016-07-29,0.006568180399808176
2016-08-01,0.015676311287248015
2016-08-02,-0.022526334622725915
2016-08-03,0.009474173460871798
2016-08-04,0.008962885315239469
2016-08-05,0.028911204455690974
2016-08-08,-0.0031765338937117193
2016-08-09,0.0066184402482502595
2016-08-10,-0.007711233527768216
2016-08-11,0.012924532425175625
2016-08-12,0.0018570667907497102
2016-08-15,0.01257455627087498
2016-08-16,-0.01576194484655687
2016-08-17,0.004691413059453441
2016-08-18,0.0009659678230315173
2016-08-19,-0.0013671741354578635
2016-08-22,0.0009663568076982904
2016-08-23,0.005953947413010672
2016-08-24,-0.01927571988100792
2016-08-25,-0.004730045109924772
2016-08-26,0.00483486268205061
2016-08-29,0.0027723785095965553
2016-08-30,-0.009026641893099303
2016-08-31,-0.0026259655664821286
2016-09-01,0.004442854060694945
2016-09-02,0.011713782695185353
2016-09-06,0.018540935703853248
2016-09-07,0.0018281773489869165
2016-09-08,-0.017138668835099895
2016-09-09,-0.07580506516726959
2016-09-12,0.051275280468356374
2016-09-13,-0.023597936345487642
2016-09-14,0.01284994770453477
2016-09-15,0.046378404448450664
2016-09-16,-0.001123793540477246
2016-09-19,-0.013102812876853274
2016-09-20,0.005538827024527733
2016-09-21,0.029080730198604934
2016-09-22,0.02337849676184356
2016-09-23,-0.017998834073129792
2016-09-26,-0.024829547591458664
2016-09-27,0.028353330806644823
2016-09-28,0.005467676697038262
2016-09-29,-0.02120751331814785
2016-09-30,0.020555576779813185
2016-10-03,-0.0022549415694524343
2016-10-04,-0.005690098961423748
2016-10-05,0.010425858309603683
2016-10-06,-0.0015514626162208226
2016-10-07,-0.006527053695031074
2016-10-10,0.017910049929593712
2016-10-11,-0.04133692943288016
2016-10-12,-0.002083914046984999
2016-10-13,-0.011725642504666364
2016-10-14,0.002275388735877108
2016-10-17,-0.006891853230359828
2016-10-18,0.02563653366938824
2016-10-19,0.00039804100598326046
2016-10-20,-0.004217460143268391
2016-10-21,0.010868147821042866
2016-10-24,0.03644226352013095
2016-10-25,-0.009991350937963838
2016-10-26,-0.01918325557954042
2016-10-27,-0.013982056438100968
2016-10-28,-0.01728650611793033
2016-10-31,-0.0056741779977882755
2016-11-01,-0.02054458998383052
2016-11-02,-0.026053526630342508
2016-11-03,-0.028800319567021244
2016-11-04,-0.011351855307236184
2016-11-07,0.07165093050729071
2016-11-08,0.019601679464284198
2016-11-09,0.014010923864193685
2016-11-10,-0.047557911943026485
2016-11-11,-0.000843385478625573
2016-11-14,-0.03376684118524722
2016-11-15,0.046304475683668474
2016-11-16,0.01628268444430868
2016-11-17,0.023169822051558497
2016-11-18,-0.011242312439765216
2016-11-21,0.03004941596778565
2016-11-22,0.008988658499673124
2016-11-23,-0.012034151524609543
2016-11-25,0.009649690322601524
2016-11-28,-0.00556220086672288
2016-11-29,0.009611016435615481
2016-11-30,-0.03238131206048025
2016-12-01,-0.054915063706465726
2016-12-02,0.004009877861576454
2016-12-05,0.023115663097634874
2016-12-06,0.007226689812012702
2016-12-07,0.03711026333713201
2016-12-08,0.006123006723853134
2016-12-09,0.023393310694205815
2016-12-12,-0.013900567721367468
2016-12-13,0.03907937649348979
2016-12-14,-0.007311189581192044
2016-12-15,0.006073907661472912
2016-12-16,-0.012150217402143153
2016-12-19,0.012223539635902897
2016-12-20,0.012075293272237997
2016-12-21,-0.0035050702279381504
2016-12-22,-0.008680297270553161
2016-12-23,0.003094794255730461
2016-12-27,0.014599652034743636
2016-12-28,-0.023141956500491157
2016-12-29,-0.004859440272086988
2016-12-30,-0.02922326556157416
2017-01-03,0.024208290805190984
2017-01-04,0.017036204312180128
2017-01-05,0.017731690097681566
2017-01-06,0.025355945668226937
2017-01-09,0.010122958055455078
2017-01-10,0.005726343739644018
2017-01-11,0.007686698122774752
2017-01-12,-0.005085319001598576
2017-01-13,0.011500878383879599
2017-01-17,-0.009404680227949555
2017-01-18,0.006801674140192146
2017-01-19,-0.0026741054267927647
2017-01-20,0.006491665382327579
2017-01-23,0.002243073318386823
2017-01-24,0.020845200745046876
2017-01-25,0.029190200634081273
2017-01-26,0.004127745961789085
2017-01-27,0.004773765196787755
2017-01-30,-0.022699953059334636
2017-01-31,-0.00553741539935664
2017-02-01,0.019011975081580687
2017-02-02,-0.00253231952883349
2017-02-03,0.008684045476082258
2017-02-06,0.0037089105344280428
2017-02-07,0.010292867534296457
2017-02-08,0.005616487794358096
2017-02-09,0.010390886431223585
2017-02-10,0.009898435242943626
2017-02-13,0.017566095549890803
2017-02-14,0.00938201891984657
2017-02-15,0.017226633676766842
2017-02-16,-0.0008529322653023269
2017-02-17,0.012559409553160334
2017-02-21,0.01589598108678525
2017-02-22,0.00011861544181898313
2017-02-23,-0.010785878520242823
2017-02-24,0.005391793806188851
2017-02-27,0.0029794963324587262
2017-02-28,-0.00784221762425591
2017-03-01,0.03233526254484703
2017-03-02,-0.015777235263642185
2017-03-03,0.0051860758158709394
2017-03-06,-0.0069182277223852635
2017-03-07,-0.00495909681190871
2017-03-08,0.0051024827093875446
2017-03-09,0.003069561380003302
2017-03-10,0.01094646225130602
2017-03-13,0.005821270633565393
2017-03-14,-0.007408129705303233
2017-03-15,0.017492885465466967
2017-03-16,-0.0005732944902696139
2017-03-17,-0.0024082796074658117
2017-03-20,0.0029891015451346103
2017-03-21,-0.04458490492780165
2017-03-22,0.01967395178629097
2017-03-23,-0.008000233320966473
2017-03-24,0.005455545273368838
2017-03-27,0.0053078450030053445
2017-03-28,0.018772812895393516
2017-03-29,0.013244150605827327
2017-03-30,0.005001190694554497
2017-03-31,-0.0023749146299205355
2017-04-03,-0.0021541008509922788
2017-04-04,0.00454445834893658
2017-04-05,-0.011422782031575157
2017-04-06,0.0008009919193159656
2017-04-07,-0.0011432306110949703
2017-04-10,0.001144539083210491
2017-04-11,-0.012574298640641645
2017-04-12,-0.013197512839922454
2017-04-13,-0.011849064861449845
2017-04-17,0.023744771936862915
2017-04-18,-0.0028994026397396446
2017-04-19,0.0034891064186905307
2017-04-20,0.0242232667412362
2017-04-21,-0.00045238729281952286
2017-04-24,0.036341151672352794
2017-04-25,0.022175952982412643
2017-04-26,-0.004381655872112083
2017-04-27,0.01749653998771783
2017-04-28,0.005696894200500003
2017-05-01,0.025175655336199497
2017-05-02,0.005934883074891889
2017-05-03,-0.009866755830293122
2017-05-04,0.0010273041354941152
2017-05-05,0.010878470872263601
2017-05-08,0.005989892411623965
2017-05-09,0.011000033276391033
2017-05-10,0.0015970058048148863
2017-05-11,-0.002391659182299983
2017-05-12,0.006493512738768506
2017-05-15,0.0093297819746209
2017-05-16,0.012587519508607928
2017-05-17,-0.07565328834911357
2017-05-18,0.025320400811414012
2017-05-19,0.012091680057473908
2017-05-22,0.02591887115593583
2017-05-23,0.0024670423661944533
2017-05-24,0.013782290841451173
2017-05-25,0.0263156203354955
2017-05-26,0.004258011154905253
2017-05-30,0.002072472477012211
2017-05-31,-0.0012225369049438804
2017-06-01,0.011955763967857259
2017-06-02,0.03413925940387636
2017-06-05,-0.0008098182753068211
2017-06-06,-0.011342961091368365
2017-06-07,0.010927059355704892
2017-06-08,0.0027022102321511746
2017-06-09,-0.07231377441261619
2017-06-12,-0.018108439717328603
2017-06-13,0.023372846268883626
2017-06-14,-0.013395056939284285
2017-06-15,-0.013479006405208046
2017-06-16,-0.011979880325708526
2017-06-19,0.04840112174817032
2017-06-20,-0.022653014767548822
2017-06-21,0.029046378615202952
2017-06-22,-0.001140396525399013
2017-06-23,0.01122702648051252
2017-06-26,-0.013266783898146754
2017-06-27,-0.05502002211521116
2017-06-28,0.0419773793232085
2017-06-29,-0.05093933637811621
2017-06-30,-0.0034692128313536332
2017-07-03,-0.027237770029802575
2017-07-05,0.0285266488455603
2017-07-06,-0.02640480799517944
2017-07-07,0.029958881095721486
2017-07-10,0.020922577998929357
2017-07-11,0.008197854845323567
2017-07-12,0.03559740255633543
2017-07-13,0.006606454425892369
2017-07-14,0.023494474396600996
2017-07-17,0.00055797779630869
2017-07-18,0.019877366995279002
2017-07-19,0.018306270736446344
2017-07-20,0.0037560842095610415
2017-07-21,-0.0015143754147697657
2017-07-24,0.013028260598288157
2017-07-25,-0.006694793712090478
2017-07-26,0.008957419201156714
2017-07-27,-0.01784326918469559
2017-07-28,-0.0032221030366474104
2017-07-31,-0.013018023576057105
2017-08-01,0.006549542870829865
2017-08-02,0.007320440712086846
2017-08-03,-0.010407392635738342
2017-08-04,0.003898388983742547
2017-08-07,0.01770084527076139
2017-08-08,-0.0037270736806403718
2017-08-09,-0.003919487051629482
2017-08-10,-0.06491977157162664
2017-08-11,0.022855801326553453
2017-08-14,0.03889271863006002
2017-08-15,0.0018000331177502802
2017-08-16,0.005210294972941535
2017-08-17,-0.06148375814388866
2017-08-18,-0.0035228149334443166
2017-08-21,-0.0018155296320125666
2017-08-22,0.04451426028395111
2017-08-23,-0.011181253056516521
2017-08-24,-0.008341701693314357
2017-08-25,-0.006729856743089923
2017-08-28,0.008751402352180727
2017-08-29,0.012313678297436681
2017-08-30,0.03464786358338684
2017-08-31,0.028411231460969445
2017-09-01,-0.0006926384909610469
2017-09-05,-0.02677903127554154
2017-09-06,0.008637477864607751
2017-09-07,0.0061801597853379875
2017-09-08,-0.024655701021736018
2017-09-11,0.03184633180849503
2017-09-12,0.008456323126200857
2017-09-13,0.004149790726200372
2017-09-14,-0.016874545481483722
2017-09-15,0.008056631645485444
2017-09-18,-0.0024326530219668497
2017-09-19,0.004267026395282838
2017-09-20,-0.008324355371186731
2017-09-21,-0.019237597067185634
2017-09-22,-0.0024962071385193785
2017-09-25,-0.03137301512605042
2017-09-26,0.006828273962477697
2017-09-27,0.027128962331804736
2017-09-28,-0.00169543322941749
2017-09-29,0.02118346218487395
2017-10-02,0.0028005601541635267
2017-10-03,0.0062846079099802814
2017-10-04,0.002602128235894005
2017-10-05,0.028808357670936174
2017-10-06,0.00361611609459057
2017-10-09,-0.0025133078977620307
2017-10-10,0.0020995319671179126
2017-10-11,0.008717751265427145
2017-10-12,-0.005401568059757553
2017-10-13,0.01119561417470326
2017-10-16,0.010328312755556736
2017-10-17,0.0035163574591409205
2017-10-18,-0.0038302163627007774
2017-10-19,-0.011043973585900903
2017-10-20,0.007279424025006035
2017-10-23,-0.018641523254813042
2017-10-24,0.005104594900762562
2017-10-25,-0.01215558491425805
2017-10-26,-0.009271114789480945
2017-10-27,0.08617621236294067
2017-10-30,0.007127181614288068
2017-10-31,0.010576278597139168
2017-11-01,-0.0013082452511169675
2017-11-02,-0.005085444989650239
2017-11-03,0.027880889483388918
2017-11-06,0.01017190650753753
2017-11-07,0.0016409962917361448
2017-11-08,0.012510176694752925
2017-11-09,-0.01603311608960943
2017-11-10,-0.0002989874364112009
2017-11-13,0.002990678591351604
2017-11-14,-0.010063208240027148
2017-11-15,-0.014683750088353152
2017-11-16,0.037447321267543444
2017-11-17,-0.011196949326415372
2017-11-20,-0.0024582915250444502
2017-11-21,0.03151590395255795
2017-11-22,0.003981934830690225
2017-11-24,0.011249898789702749
2017-11-27,-0.0016402249441544298
2017-11-28,0.0073570791805120305
2017-11-29,-0.051407414840637704
2017-11-30,0.024816728353166118
2017-12-01,-0.013347816450626833
2017-12-04,-0.03452352558055868
2017-12-05,0.0014547871093035516
2017-12-06,0.013227446774936317
2017-12-07,0.009885221513923818
2017-12-08,0.013225697675986997
2017-12-11,0.022935000223199806
2017-12-12,-0.0037487113235478223
2017-12-13,0.004993315424197119
2017-12-14,-0.0014403200002495562
2017-12-15,0.03252093546013062
2017-12-18,0.025700172692063192
2017-12-19,-0.016272857575603882
2017-12-20,-0.004153064943770661
2017-12-21,-0.0004863678575332777
2017-12-22,-0.0033378643759964305
2017-12-26,-0.01618628564865207
2017-12-27,0.0
2017-12-28,0.002694946910535836
2017-12-29,-0.018884144207925346
2018-01-02,0.05132646354810434
2018-01-03,0.029278787527719233
2018-01-04,0.0058622696918235835
2018-01-05,0.03020063058354921
2018-01-08,0.011121785786345852
2018-01-09,0.0007630761433383407
2018-01-10,-0.007115746986759833
2018-01-11,0.020028072505546585
2018-01-12,0.021203469846745517
2018-01-16,-0.007740105497498214
2018-01-17,0.03151118200960885
2018-01-18,0.0009603776507979614
2018-01-19,0.00959333545567712
2018-01-22,0.031238982421546265
2018-01-23,0.02533949835247727
2018-01-24,-0.02027610422697319
2018-01-25,-0.0012612298857600723
2018-01-26,0.044658714957640074
2018-01-29,-0.01324252648022581
2018-01-30,-0.025559606849508764
2018-01-31,0.012343481752019584
2018-02-01,-0.025006990202304197
2018-02-02,-0.06108175266640218
2018-02-05,-0.11543438832735188
2018-02-06,0.0771002158597659
2018-02-07,-0.03954454809501957
2018-02-08,-0.12392171052375497
2018-02-09,0.047073431105467634
2018-02-12,0.05597573473699062
2018-02-13,0.012174042912243435
2018-02-14,0.058556778453326096
2018-02-15,0.05226597083925587
2018-02-16,-0.011168289065547845
2018-02-20,0.004992003887934435
2018-02-21,-0.009002900271198072
2018-02-22,0.00018811611325720976
2018-02-23,0.059571613152233076
2018-02-26,0.04014177175708987
2018-02-27,-0.03580779228098822
2018-02-28,-0.020101307086147203
2018-03-01,-0.04812611311205734
2018-03-02,0.027491760982238767
2018-03-05,0.031369030898486555
2018-03-06,0.012643037440870777
2018-03-07,0.007479389739402449
2018-03-08,0.014906326066412323
2018-03-09,0.058230824356065074
2018-03-12,0.014967265186539803
2018-03-13,-0.03630393492573775
2018-03-14,-0.0033944194913205585
2018-03-15,-0.00446688101925975
2018-03-16,-0.006618109342059838
2018-03-19,-0.06278224581824704
2018-03-20,0.007349460355222105
2018-03-21,-0.01447192833511797
2018-03-22,-0.07305833007590935
2018-03-23,-0.08078015911929788
2018-03-26,0.11251965662303823
2018-03-27,-0.0958905017105256
2018-03-28,-0.03448043461998102
2018-03-29,0.05536398746372524
2018-04-02,-0.08879913071798964
2018-04-03,0.03355182742178811
2018-04-04,0.04729242662554065
2018-04-05,0.015709675398371103
2018-04-06,-0.07462893862248435
2018-04-09,0.020011761755893056
2018-04-10,0.06605936731948281
2018-04-11,-0.016818285277455755
2018-04-12,0.03505352093473581
2018-04-13,-0.014833614665426735
2018-04-16,0.022069371329872814
2018-04-17,0.06397165619135617
2018-04-18,0.006954502809655351
2018-04-19,-0.027186516067108667
2018-04-20,-0.0479542407066581
2018-04-23,-0.007863603449024165
2018-04-24,-0.06375131843236491
2018-04-25,0.003941092553800397
2018-04-26,0.06200903488661601
2018-04-27,0.002327421421519546
2018-04-30,-0.021307264238298422
2018-05-01,0.03251707483790083
2018-05-02,-0.01743598118322639
2018-05-03,6.878314586132391e-05
2018-05-04,0.05625859161173153
2018-05-07,0.023766238722094817
2018-05-08,-0.0033074592302245118
2018-05-09,0.033501501255212
2018-05-10,0.031118717781649968
2018-05-11,-0.0029939822024231165
2018-05-14,0.004444397223341314
2018-05-15,-0.03234844532098142
2018-05-16,0.018414042752579036
2018-05-17,-0.011285570616888984
2018-05-18,-0.01601712889408609
2018-05-21,0.01746273026649335
2018-05-22,-0.005210079124157889
2018-05-23,0.02514002520876425
2018-05-24,-0.0008413853374861544
2018-05-25,0.0025265711671028563
2018-05-29,-0.012781259967531978
2018-05-30,0.02133480056566078
2018-05-31,-0.002142484570207855
2018-06-01,0.04652000029283321
2018-06-04,0.025645356882880888
2018-06-05,0.01033518228796283
2018-06-06,0.016498826334347683
2018-06-07,-0.023210490306917447
2018-06-08,-0.000664697946708582
2018-06-11,0.007815195649028826
2018-06-12,0.015838910343751306
2018-06-13,-0.0011369605879071984
2018-06-14,0.030406488241165205
2018-06-15,-0.009941611791558166
2018-06-18,-0.002231452398601936
2018-06-19,-0.008945707578408627
2018-06-20,0.020954311210241935
2018-06-21,-0.025892046902162062
2018-06-22,-0.01004861511671633
2018-06-25,-0.06385068981623289
2018-06-26,0.011017977497663709
2018-06-27,-0.04013166997490752
2018-06-28,0.024509060820585134
2018-06-29,0.0045733305692298555
2018-07-02,0.022412758885662548
2018-07-03,-0.03442337114344737
2018-07-05,0.03671497426432058
2018-07-06,0.044995720961387084
2018-07-09,0.027832360390956285
2018-07-10,0.002389259151393525
2018-07-11,-0.014619465725420264
2018-07-12,0.04934682226344944
2018-07-13,0.002920290572949902
2018-07-16,-0.0067425170121131976
2018-07-17,0.01851276779951247
2018-07-18,-0.006361586758372353
2018-07-19,-0.014786658577042238
2018-07-20,-0.0013924090308593568
2018-07-23,0.008676870481715978
2018-07-24,0.012749606178886135
2018-07-25,0.041710722118390144
2018-07-26,-0.043680925108835374
2018-07-27,-0.04171730011587698
2018-07-30,-0.043057051964121885
2018-07-31,0.019923588547672906
2018-08-01,0.013674232052905093
2018-08-02,0.03982672777645038
2018-08-03,0.008957435469999744
2018-08-06,0.01836824653882265
2018-08-07,0.009769918500705776
2018-08-08,0.0026794712519616556
2018-08-09,-0.0008907702906014504
2018-08-10,-0.023328376223755384
2018-08-13,-0.0028904792569985935
2018-08-14,0.01846197518364751
2018-08-15,-0.0364044970289316
2018-08-16,0.009172860342591656
2018-08-17,-0.00015412713090491847
2018-08-20,-0.00200321986224943
2018-08-21,0.010344505322284776
2018-08-22,0.011613398439863351
2018-08-23,-0.004984600703858753
2018-08-24,0.02778201698995041
2018-08-27,0.030132663639582655
2018-08-28,0.0044451944940834655
2018-08-29,0.034975380234026646
2018-08-30,-0.005655441765061748
2018-08-31,0.002912969486102103
2018-09-04,-0.011894781660282665
2018-09-05,-0.03975380522798352
2018-09-06,-0.027259289718235883
2018-09-07,-0.009890799942002348
2018-09-10,0.008778843250658247
2018-09-11,0.022205311348984128
2018-09-12,-0.008659715876440165
2018-09-13,0.029612019469882015
2018-09-14,-0.007621283802141505
2018-09-17,-0.04216806050753967
2018-09-18,0.023751764614638262
2018-09-19,-0.002216783605617859
2018-09-20,0.031398596371573585
2018-09-21,-0.015939316362101434
2018-09-24,0.008609286486358659
2018-09-25,0.004050848478651042
2018-09-26,-0.0010082795216255843
2018-09-27,0.027693300023363576
2018-09-28,-0.0015438623673329488
2018-10-01,0.005763222063360708
2018-10-02,-0.005730197661768984
2018-10-03,0.0029519822466055473
2018-10-04,-0.05704245084971639
2018-10-05,-0.037604154810538755
2018-10-08,-0.017915056795618663
2018-10-09,0.007705591303769117
2018-10-10,-0.12968169280899972
2018-10-11,-0.04052361041541453
2018-10-12,0.009629258513487358
2018-10-15,-0.03773901972491013
2018-10-16,0.08613894360082934
2018-10-17,0.003297536441259941
2018-10-18,-0.06935074109423188
2018-10-19,-0.0040613935135856505
2018-10-22,0.015070854266853466
2018-10-23,-0.011004365086538691
2018-10-24,0.0012143858494566503
2018-10-25,-0.0010597368432863938
2018-10-26,0.0016439929726695822
2018-10-29,-0.0019696801305850264
2018-10-30,-0.002192393248822039
2018-10-31,-0.0027521133642397777
2018-11-01,0.0065358451553861555
2018-11-02,8.575955128195484e-05
2018-11-05,-0.001145625535703612
2018-11-06,-0.0014178990429919026
2018-11-07,0.09196299312858885
2018-11-08,-0.017052394451293727
2018-11-09,-0.050805607160472825
2018-11-12,-0.08784034300703915
2018-11-13,-0.00025204843548920454
2018-11-14,0.0002522425327785385
2018-11-15,-5.4896020676600376e-05
2018-11-16,0.0029481828642895225
2018-11-19,0.0013402785905891096
2018-11-20,0.0002834994411420997
2018-11-21,-6.516019661078246e-05
2018-11-23,0.0005215805952994332
2018-11-26,-0.00107399243899457
2018-11-27,0.0005656993623883565
2018-11-28,-0.002379771214943503
2018-11-29,-0.009179913332972568
2018-11-30,0.0010071724060061508
2018-12-03,0.05129214208704031
2018-12-04,-0.1099643190797588
2018-12-06,0.0016555881339960048
2018-12-07,0.004985526624798375
2018-12-10,0.0003331372298888439
2018-12-11,-0.0006787832248579727
2018-12-12,-0.0011657715929110776
2018-12-13,-0.002286607221576149
2018-12-14,-0.00026323041361717777
2018-12-17,0.006371643128871448
2018-12-18,0.004182291474368325
2018-12-19,0.0035581514441122546
2018-12-20,0.005891345542205245
2018-12-21,-0.0022632165642694074
2018-12-24,0.007960025192296277
2018-12-26,-0.006857519885989559
2018-12-27,0.0038859528299482957
2018-12-28,0.006239045444843457
2018-12-31,0.0026845591187700923
2019-01-02,0.0029635786651902103
2019-01-03,0.01022276755266795
2019-01-04,-0.009830734364081217
2019-01-07,0.0002552429513954632
2019-01-08,-0.002668516143193006
2019-01-09,0.002427026737828412
2019-01-10,-0.0006808937102397807
2019-01-11,-0.008145457573021828
2019-01-14,-0.0006702155363466067
2019-01-15,-0.0026859670817686197
2019-01-16,0.004327223694577262
2019-01-17,-0.002010543169655193
2019-01-18,0.01788755697134258
2019-01-22,-0.01193440141120778
2019-01-23,-0.003794738951720537
2019-01-24,0.006726042160128376
2019-01-25,0.00616671651308267
2019-01-28,-0.020085743807084652
2019-01-29,0.014478183481248779
2019-01-30,0.014303311715711262
2019-01-31,-0.004757029667645197
2019-02-01,0.016845104872503902
2019-02-04,-0.005269721241251865
2019-02-05,0.02639794983483587
2019-02-06,-0.007897881304953832
2019-02-07,-0.04082484909327585
2019-02-08,0.004033311176597007
2019-02-11,-0.004417144979210062
2019-02-12,0.007863760225391097
2019-02-13,0.002034196304221501
2019-02-14,0.003653924974627215
2019-02-15,0.011933650910406787
2019-02-19,0.0059967886557378254
2019-02-20,-0.0007949859532317755
2019-02-21,-0.011334297082084438
2019-02-22,0.021721523997000194
2019-02-25,0.01102391723596695
2019-02-26,0.0031153138802946043
2019-02-27,-0.003105638840507589
2019-02-28,-0.006230549762695308
2019-03-01,0.01998418017831912
2019-03-04,0.00019221896402442796
2019-03-05,0.0024964429400187445
2019-03-06,-0.017241261549883223
2019-03-07,-0.036452239127650735
2019-03-08,-0.00566444313460399
2019-03-11,0.06246169773488585
2019-03-12,0.01627735013908518
2019-03-13,0.021669462996692035
2019-03-14,-0.004426296318406666
2019-03-15,0.024823889008906422
2019-03-18,0.009038203157824151
2019-03-19,0.010032227195918186
2019-03-20,0.011533194045609683
2019-03-21,0.046307738743689285
2019-03-22,-0.06538165683532146
2019-03-25,-0.0062779878661004315
2019-03-26,0.013718408316513976
2019-03-27,-0.019586721146442658
2019-03-28,0.006356660896942308
2019-03-29,0.022558971007440545
2019-04-01,0.0393576885835648
2019-04-02,0.011037369826587772
2019-04-03,0.017299340782445292
2019-04-04,-0.001485789792181822
2019-04-05,0.015046134442742333
2019-04-08,0.007818954335127956
2019-04-09,-0.010990801246867297
2019-04-10,0.01617906883280248
2019-04-11,-0.007558671867045276
2019-04-12,0.012315732060390792
2019-04-15,0.000800397442266703
2019-04-16,0.009756962423575969
2019-04-17,0.009979343545435192
2019-04-18,0.003136689100360234
2019-04-22,0.008442741612637153
2019-04-23,0.037984445203826094
2019-04-24,-0.009708421372164626
2019-04-25,0.011161038803370224
2019-04-26,0.003580143515161536
2019-04-29,0.005350789875104191
2019-04-30,-0.022915635285565818
2019-05-01,-0.011499226325896606
2019-05-02,-0.012245785643798227
2019-05-03,0.04711023756618557
2019-05-06,-0.01790734049478395
2019-05-07,-0.05816772621908874
2019-05-08,-0.0088000173252904
2019-05-09,-0.01581910882670332
2019-05-10,0.0027881447428726286
2019-05-13,-0.10336929875420071
2019-05-14,0.031375388767270265
2019-05-15,0.04156354569236277
2019-05-16,0.03124467895862358
2019-05-17,-0.031121422700391588
2019-05-20,-0.050135977117704345
2019-05-21,0.030059142547346172
2019-05-22,-0.013027694563138388
2019-05-23,-0.04716645564423627
2019-05-24,-0.001477704582903495
2019-05-28,-0.01072873133866765
2019-05-29,-0.025056075322702202
2019-05-30,0.01189099756332206
2019-05-31,-0.04814250980777319
2019-06-03,0.010561050572161902
2019-06-04,-0.005540887116229061
2019-06-05,0.022038428564224118
2019-06-06,0.023103813036613047
2019-06-07,0.05701903450379664
2019-06-10,0.0364965298994998
2019-06-11,0.0037785985433531847
2019-06-12,-0.016940404678993798
2019-06-13,0.01636226963896163
2019-06-14,-0.013015989671976622
2019-06-17,0.018219559871857152
2019-06-18,0.0432857329942886
2019-06-19,0.011760898877110067
2019-06-20,0.027445783884987026
2019-06-21,-0.004556970404705083
2019-06-24,-0.000315559930184894
2019-06-25,-0.0511606210677323
2019-06-26,0.012647624089604381
2019-06-27,0.010846246942293
2019-06-28,0.00422707755412574
2019-07-01,0.039825220815965096
2019-07-02,0.012143771551427183
2019-07-03,0.02215051002745591
2019-07-05,-0.006470920751469541
2019-07-08,-0.02105452278881715
2019-07-09,0.015008797869823747
2019-07-10,0.029573180204846203
2019-07-11,-0.0026650362283179726
2019-07-12,0.01677535708034974
2019-07-15,0.008468436020730817
2019-07-16,-0.014188529648520201
2019-07-17,-0.014833365621460584
2019-07-18,0.004323339466322487
2019-07-19,-0.024195047838243965
2019-07-22,0.023578003301349303
2019-07-23,0.019319444145232192
2019-07-24,0.021285596800656514
2019-07-25,-0.02855082556652261
2019-07-26,0.02968416832978622
2019-07-29,-0.009276703985702264
2019-07-30,-0.013396615478936185
2019-07-31,-0.04219583185211518
2019-08-01,-0.014024596121824539
2019-08-02,-0.045763580014662304
2019-08-05,-0.10499034385479546
2019-08-06,0.04109348024420223
2019-08-07,0.014606131078121051
2019-08-08,0.06615236839508165
2019-08-09,-0.02957716351193702
2019-08-12,-0.033460257996051436
2019-08-13,0.06563819365720303
2019-08-14,-0.08957849871301127
2019-08-15,-0.0042394762576313545
2019-08-16,0.04612365942207874
2019-08-19,0.046803475600282064
2019-08-20,-0.02057339104350579
2019-08-21,0.025471356067120143
2019-08-22,-0.009677514780669437
2019-08-23,-0.09153087551694751
2019-08-26,0.04051632436176476
2019-08-27,-0.006030285695479266
2019-08-28,0.010053651544632905
2019-08-29,0.045477945999788466
2019-08-30,-0.007058449228900345
2019-09-03,-0.029095592332022007
2019-09-04,0.04205678593769156
2019-09-05,0.055228717134788025
2019-09-06,-0.0027871256584597547
2019-09-09,-0.006366552099612833
2019-09-10,-0.008282581271616223
2019-09-11,0.02694603787929653
2019-09-12,0.01242922675158586
2019-09-13,-0.01060938973142803
2019-09-16,-0.013786809530022818
2019-09-17,0.01320307779466764
2019-09-18,-0.0006132985220426488
2019-09-19,0.004448620791796635
2019-09-20,-0.03146018655164449
2019-09-23,0.0009461400435019835
2019-09-24,-0.039539897992444215
2019-09-25,0.03198281162952578
2019-09-26,-0.010012715023470413
2019-09-27,-0.03628191707499183
2019-09-30,0.02665344846713336
2019-10-01,-0.02417662389644178
2019-10-02,-0.051213910429092936
2019-10-03,0.03294785955800024
2019-10-04,0.042076529055452436
2019-10-07,-0.009280232965560463
2019-10-08,-0.04552171375058324
2019-10-09,0.030302965532866624
2019-10-10,0.02189159242955078
2019-10-11,0.0374490762124182
2019-10-14,0.0011033346536653416
2019-10-15,0.037946766641524986
2019-10-16,-0.007433266536134
2019-10-17,0.006877693417454827
2019-10-18,-0.028688584877458182
2019-10-21,0.02641057647141136
2019-10-22,-0.023142558891983283
2019-10-23,0.004675637626100284
2019-10-24,0.02869994838688515
2019-10-25,0.022772135278112515
2019-10-28,0.030521972062149773
2019-10-29,-0.023036392304066674
2019-10-30,0.01405956388631485
2019-10-31,0.0007224850153183943
2019-11-01,0.027132115373590057
2019-11-04,0.01784475799894645
2019-11-05,0.0012420519839773747
2019-11-06,-0.006341912008289804
2019-11-07,0.010128896866504151
2019-11-08,0.01181342706330943
2019-11-11,-0.0042087467952993994
2019-11-12,0.008179985672058734
2019-11-13,-0.0014874512143294382
2019-11-14,-0.00027083868882402643
2019-11-15,0.018829636021995413
2019-11-18,0.005185416938659502
2019-11-19,0.004100533304517515
2019-11-20,-0.01752084782747691
2019-11-21,-0.007776819864122311
2019-11-22,0.0027026392266150706
2019-11-25,0.034636240997584535
2019-11-26,0.005992064551882541
2019-11-27,0.02019925789035942
2019-11-29,-0.013326987584417554
2019-12-02,-0.03215830047889796
2019-12-03,-0.022461151746232744
2019-12-04,0.014819614992515764
2019-12-05,0.005224909986109613
2019-12-06,0.030921144207868245
2019-12-09,-0.012281626381272675
2019-12-10,-0.0022250417149457915
2019-12-11,0.015085645795374242
2019-12-12,0.0228742806763252
2019-12-13,0.008970093213199162
2019-12-16,0.028675319694723367
2019-12-17,0.001339270176236334
2019-12-18,0.002309261503662416
2019-12-19,0.020376153014794063
2019-12-20,0.011886468937426274
2019-12-23,0.007400399429644273
2019-12-24,0.001294755158288114
2019-12-26,0.0259787645219779
2019-12-27,-0.0029523965711218763
2019-12-30,-0.0199293582752106
2019-12-31,0.00569365473150039
2020-01-02,0.04956670734677593
2020-01-03,-0.02719061324082655
2020-01-06,0.019011142282099915
2020-01-07,-0.0012216021944029638
2020-01-08,0.023015308109894227
2020-01-09,0.025214636575532575
2020-01-10,-0.008162715873933595
2020-01-13,0.03495065092785908
2020-01-14,-0.01166981482698761
2020-01-15,0.0006270273815620988
2020-01-16,0.027882014804960338
2020-01-17,0.01493450982210325
2020-01-21,-0.0005005682884619731
2020-01-22,0.006810288229903977
2020-01-23,0.009250900748114105
2020-01-24,-0.025921380710262544
2020-01-27,-0.06182350166349743
2020-01-28,0.046484189250111364
2020-01-29,0.0036071250373473094
2020-01-30,0.011295921101452817
2020-01-31,-0.04914720234762028
2020-02-03,0.04592078795320387
2020-02-04,0.068306906338416
2020-02-05,0.01156458285381274
2020-02-06,0.024376347463993434
2020-02-07,-0.012912651685608983
2020-02-10,0.0360681094748333
2020-02-11,0.0007213384923115715
2020-02-12,0.029289981473736952
2020-02-13,-0.003852457252382567
2020-02-14,0.006767943505468773
2020-02-18,0.0017461417090352367
2020-02-19,0.028934966486130434
2020-02-20,-0.02846014846815332
2020-02-21,-0.057192663354037096
2020-02-24,-0.11522090847728873
2020-02-25,-0.08089456977014288
2020-02-26,0.01375922149887577
2020-02-27,-0.14952326470057323
2020-02-28,-0.006954901116748683
2020-03-02,-0.00353120564608791
2020-03-03,-0.09416072872138176
2020-03-04,-0.0044319375011225935
2020-03-05,-0.08774907938520901
2020-03-06,0.026212540123344893
2020-03-09,0.014376868048468496
2020-03-10,-0.036179733256521025
2020-03-11,-0.02017945521045435
2020-03-12,-0.016845372781384003
2020-03-13,-0.026559802888297172
2020-03-16,0.03243727435873108
2020-03-17,-0.03334124203288392
2020-03-18,-0.028097087308235735
2020-03-19,0.013503471212718028
2020-03-20,0.03776156048211252
2020-03-23,0.020495395978249967
2020-03-24,-0.009307114547325883
2020-03-25,-0.007980383952044541
2020-03-26,0.0024609509915067026
2020-03-27,0.013237106436265625
2020-03-30,-0.0019141078426899447
2020-03-31,-0.019981905996367684
2020-04-01,0.006961852951181209
2020-04-02,0.0032273789716825486
2020-04-03,0.001026423173178592
2020-04-06,-0.0012515023593109974
2020-04-07,-0.0027864171555109503
2020-04-08,-0.00809188339041262
2020-04-09,0.013970436448534185
2020-04-13,0.0040050817683179776
2020-04-14,0.003811994331707289
2020-04-15,-0.012842556634003605
2020-04-16,0.005245958118386969
2020-04-17,-0.016411232056027698
2020-04-20,0.0075857101523490785
2020-04-21,0.00288306299652832
2020-04-22,0.0047273268073115705
2020-04-23,0.007631302426239294
2020-04-24,-0.0009690483981385865
2020-04-27,-0.012627076868603794
2020-04-28,0.0035271326152877857
2020-04-29,0.00017235995648409459
2020-04-30,-0.01489671071807204
2020-05-01,-0.003336348861317903
2020-05-04,-0.0005991169326352054
2020-05-05,0.0021205187417408494
2020-05-06,-0.006373248357112175
2020-05-07,0.007620836227389074
2020-05-08,-0.009505497494723196
2020-05-11,-0.0030622712244121166
2020-05-12,0.005132227115235227
2020-05-13,0.003497979414366592
2020-05-14,0.004479670631616245
2020-05-15,0.0027127372215885654
2020-05-18,-0.0037820724997756744
2020-05-19,0.00352298048219482
2020-05-20,0.027115691205892873
2020-05-21,0.0227233164709235
2020-05-22,-0.023226869513323294
2020-05-26,0.006954602086528079
2020-05-27,0.014070181833976686
2020-05-28,-0.006375043208503874
2020-05-29,0.041263246528066296
2020-06-01,0.01232319384683779
2020-06-02,0.019930670196698162
2020-06-03,0.01357383062137772
2020-06-04,-0.020318684371888027
2020-06-05,0.059274048529352384
2020-06-08,0.022249579560541233
2020-06-09,0.022308903120982847
2020-06-10,0.03608708921622245
2020-06-11,-0.1472308911123693
2020-06-12,0.021686593116322067
2020-06-15,0.03525931708186592
2020-06-16,0.05285364908988321
2020-06-17,0.009736856283446895
2020-06-18,0.007714628653663434
2020-06-19,-0.0013822944913802386
2020-06-22,0.03556241266119718
2020-06-23,0.026115493515187098
2020-06-24,-0.058917979621717166
2020-06-25,0.026512124349911178
2020-06-26,-0.07188063552719387
2020-06-29,0.03196255514333509
2020-06-30,0.05750474788686087
2020-07-01,0.035739825229367805
2020-07-02,0.02125793090739056
2020-07-06,0.07348222752507085
2020-07-07,-0.01966091458789044
2020-07-08,0.038454470494694505
2020-07-09,0.024982303784791327
2020-07-10,0.021175484231958027
2020-07-13,-0.06178589579394605
2020-07-14,0.0211997292695746
2020-07-15,0.004947228338468528
2020-07-16,-0.02144869401928091
2020-07-17,0.004671030284130429
2020-07-20,0.08512172528627347
2020-07-21,-0.03197099610317531
2020-07-22,0.011576492909211533
2020-07-23,-0.0783406375484354
2020-07-24,-0.0295808615915225
2020-07-27,0.053720746634271246
2020-07-28,-0.037589216496076064
2020-07-29,0.03404766021772961
2020-07-30,0.016239111062458043
2020-07-31,0.053941701358814466
2020-08-03,0.03727601412360021
2020-08-04,0.013001698029754023
2020-08-05,0.007971933341430598
2020-08-06,0.038278903491514395
2020-08-07,-0.032678112674209586
2020-08-10,-0.013465546608842588
2020-08-11,-0.05675306399724946
2020-08-12,0.07480753799036247
2020-08-13,0.0070072756200540345
2020-08-14,-0.0028928138992280676
2020-08-17,0.03301177922629888
2020-08-18,0.02937617150957983
2020-08-19,-0.01954126163323554
2020-08-20,0.04113995470375471
2020-08-21,0.020877100566952675
2020-08-24,0.018539706754809728
2020-08-25,0.02334281166327392
2020-08-26,0.06401889660654202
2020-08-27,-0.009060046716249001
2020-08-28,0.01545309896571409
2020-08-31,0.0231436272099942
2020-09-01,0.0519336707358933
2020-09-02,0.028219354398074208
2020-09-03,-0.1535549804920628
2020-09-04,-0.041224075349058226
2020-09-08,-0.14134416112080578
2020-09-09,0.08592334764514689
2020-09-10,-0.05784813497566767
2020-09-11,-0.021859526096613298
2020-09-14,0.051515735770072235
2020-09-15,0.042506467117465724
2020-09-16,-0.048043672541866825
2020-09-17,-0.0460593017875761
2020-09-18,-0.038626646026916345
2020-09-21,0.011847578799248951
2020-09-22,0.05464110712544285
2020-09-23,-0.09259858037001688
2020-09-24,0.014628950017032445
2020-09-25,0.07008040977454102
2020-09-28,0.05928476835739772
2020-09-29,-0.010484229834660604
2020-09-30,0.019787981457733514
2020-10-01,0.046829529293670166
2020-10-02,-0.08246354495986262
2020-10-05,0.06307169914743088
2020-10-06,-0.053718322139458
2020-10-07,0.05257751059755814
2020-10-08,0.014722507929079429
2020-10-09,0.04448888056534757
2020-10-12,0.09326691113871516
2020-10-13,0.0001297518501056803
2020-10-14,-0.024695319907869457
2020-10-15,-0.020668752136301007
2020-10-16,-0.01533621403264073
2020-10-19,-0.04968989886137523
2020-10-20,0.006454317480980253
2020-10-21,-0.0025942001327791103
2020-10-22,0.0005058683270900876
2020-10-23,0.005848826124432949
2020-10-26,-0.0455852008063451
2020-10-27,0.023617739876844717
2020-10-28,-0.11734875831109648
2020-10-29,0.050865816230327654
2020-10-30,-0.06955544709785264
2020-11-02,0.00034063019517285365
2020-11-03,0.050302064107574415
2020-11-04,0.13517027561271006
2020-11-05,0.07717004604254606
2020-11-06,0.003379915322774485
2020-11-09,-0.06103035981505554
2020-11-10,-0.053953143861346184
2020-11-11,0.06721689169648828
2020-11-12,-0.01463139376712956
2020-11-13,0.02623215118675078
2020-11-16,0.023012470135310104
2020-11-17,-0.009226764800212579
2020-11-18,-0.023180173214002713
2020-11-19,0.024773781446234273
2020-11-20,-0.020304105435337987
2020-11-23,0.00020788280959000137
2020-11-24,0.04088692138503069
2020-11-25,0.0188417755660315
2020-11-27,0.027314962079991963
2020-11-30,0.005152165286481739
2020-12-01,0.039298919237921684
2020-12-02,0.004018654857734431
2020-12-03,0.004063360573894935
2020-12-04,0.01226154862571869
2020-12-07,0.016946176067752984
2020-12-08,0.009153090612609358
2020-12-09,-0.06698066481458034
2020-12-10,0.012276485247163177
2020-12-11,-0.007018098642946789
2020-12-14,0.02132689236399273
2020-12-15,0.031079286725354233
2020-12-16,0.01677853329636759
2020-12-17,0.02049665093826204
2020-12-18,-0.010893440160304052
2020-12-21,-0.0037286981070760485
2020-12-22,0.007888106328048197
2020-12-23,-0.015081307944957174
2020-12-24,0.01299224288122775
2020-12-28,0.03000267163905698
2020-12-29,0.0029463952077217075
2020-12-30,-0.00016623020513765823
2020-12-31,0.007816337722315495
2021-01-04,-0.0437292193110786
2021-01-05,0.02507902128006829
2021-01-06,-0.04135580336565287
2021-01-07,0.07223132785420791
2021-01-08,0.03875960860754311
2021-01-11,-0.04419782151019273
2021-01-12,-0.00434387447930162
2021-01-13,0.019438973005356484
2021-01-14,-0.015222289350226459
2021-01-15,-0.0243137006890827
2021-01-19,0.04335575902166547
2021-01-20,0.06970730661413298
2021-01-21,0.024853373910622492
2021-01-22,-0.009069334434292076
2021-01-25,0.027755460878983063
2021-01-26,0.0010649628913672754
2021-01-27,-0.08064213463340135
2021-01-28,0.014724416112282262
2021-01-29,-0.06229266158196127
2021-02-01,0.07350516133565523
2021-02-02,0.04839352812959041
2021-02-03,-0.011490897951041353
2021-02-04,0.03537017955065643
2021-02-05,0.01045954448896179
2021-02-08,0.019563280714625198
2021-02-09,-0.00046578587943931193
2021-02-10,-0.00708225981431954
2021-02-11,0.01614270901969377
2021-02-12,0.016994426712440648
2021-02-16,-0.008355075740505197
2021-02-17,-0.013920783647716933
2021-02-18,-0.013466965935881186
2021-02-19,-0.013180317454909688
2021-02-22,-0.07746605439012015
2021-02-23,-0.008893596019714643
2021-02-24,0.024102828979832527
2021-02-25,-0.1044320940312853
2021-02-26,0.015017149587926238
2021-03-01,0.08720026303287894
2021-03-02,-0.047938273965938624
2021-03-03,-0.08673509727086728
2021-03-04,-0.049442926022428765
2021-03-05,0.044779736914639066
2021-03-08,-0.08548223784996216
2021-03-09,0.11775459113154679
2021-03-10,-0.008526021857451355
2021-03-11,0.0693838917448354
2021-03-12,-0.0248952657896821
2021-03-15,0.03197001706338633
2021-03-16,0.016420482710797716
2021-03-17,0.012601002375390307
2021-03-18,-0.09178909086635893
2021-03-19,0.012765114799398508
2021-03-22,0.053306818791996016
2021-03-23,-0.013063858062724238
2021-03-24,-0.050500557183959405
2021-03-25,-0.005388995610185855
2021-03-26,0.04416965579246324
2021-03-29,-0.000563821261344837
2021-03-30,-0.014221407745868919
2021-03-31,0.044882155021044486
2021-04-01,0.0508437135044693
2021-04-05,0.06006266714731739
2021-04-06,-0.0023608307333113396
2021-04-07,0.007394886763724227
2021-04-08,0.031222406911871694
2021-04-09,0.01812833155062984
2021-04-12,-0.003915331981475634
2021-04-13,0.0342537562489257
2021-04-14,-0.035110161594100894
2021-04-15,0.04417155075671923
2021-04-16,0.004221271905524161
2021-04-19,-0.027278391265621718
2021-04-20,-0.02188309449791118
2021-04-21,0.025286838322236556
2021-04-22,-0.03639877033115616
2021-04-23,0.037678540916941644
2021-04-26,0.019805341841769717
2021-04-27,-0.013126958091144666
2021-04-28,-0.010295154508284193
2021-04-29,0.010034033936060303
2021-04-30,-0.018774892614514236
2021-05-03,-0.01634780161742322
2021-05-04,-0.052691272357842205
2021-05-05,-0.011662710117046086
2021-05-06,0.021885894225526017
2021-05-07,0.024477093528270124
2021-05-10,-0.07514449930778705
2021-05-11,-0.005000042949963626
2021-05-12,-0.07610976114396228
2021-05-13,0.021076511492604758
2021-05-14,0.06503179870807836
2021-05-17,-0.016880439404482424
2021-05-18,-0.020985512795251703
2021-05-19,0.0036806705208324306
2021-05-20,0.05781473112796331
2021-05-21,-0.016518812668143004
2021-05-24,0.05007776687502174
2021-05-25,0.004837952962743233
2021-05-26,0.010121083570273139
2021-05-27,-0.011673173266841324
2021-05-28,0.009744089020189273
2021-06-01,-0.00974760900525363
2021-06-02,0.0052169198208986516
2021-06-03,-0.031433460900587074
2021-06-04,0.05125866458801546
2021-06-07,0.00884794466153909
2021-06-08,0.0011438419182535021
2021-06-09,0.0011425350387830686
2021-06-10,0.030625840436742692
2021-06-11,0.00793646043883271
2021-06-14,0.028017038372844045
2021-06-15,-0.018525299164960023
2021-06-16,-0.010707686352494908
2021-06-17,0.03733233927696206
2021-06-18,-0.02387456084075041
2021-06-21,0.018298742875262064
2021-06-22,0.02793362418542836
2021-06-23,0.0017306709353501076
2021-06-24,0.018401758917203775
2021-06-25,-0.003138707820621011
2021-06-28,0.035401252622916844
2021-06-29,0.011260015901865629
2021-06-30,-0.00438883797888311
2021-07-01,0.0004896530724325124
2021-07-02,0.03394257205048223
2021-07-06,0.013415578923000776
2021-07-07,0.006385264490348413
2021-07-08,-0.017332099487092315
2021-07-09,0.01692902964206645
2021-07-12,0.012543554482165126
2021-07-13,-0.0005352777615875422
2021-07-14,0.0054323373476469865
2021-07-15,-0.020698491456583187
2021-07-16,-0.024555269513456077
2021-07-19,-0.02397831403926403
2021-07-20,0.032973981917158626
2021-07-21,0.02283509252529664
2021-07-22,0.021012076294064916
2021-07-23,0.033215010019117495
2021-07-26,0.0041740615807168155
2021-07-27,-0.03266990752666225
2021-07-28,0.010930932054673975
2021-07-29,0.004921638570410119
2021-07-30,-0.014989361296364091
2021-08-02,-0.0003013937940020162
2021-08-03,0.017407858185284376
2021-08-04,0.004962056363068154
2021-08-05,0.018794765704485662
2021-08-06,-0.013022145269156887
2021-08-09,0.005350773796536562
2021-08-10,-0.014946322333572617
2021-08-11,-0.00540269559987319
2021-08-12,0.01041843665539514
2021-08-13,0.010015953447255978
2021-08-16,0.0017502268639624202
2021-08-17,-0.02627758376445319
2021-08-18,-0.029079823029124593
2021-08-19,0.014243874462071362
2021-08-20,0.030896560375487693
2021-08-23,0.044550832285982216
2021-08-24,0.009869562876301637
2021-08-25,0.0011169009174080164
2021-08-26,-0.016944510351796387
2021-08-27,0.02922442224169982
2021-08-30,0.03314933222949592
2021-08-31,-0.0028016117305167607
2021-09-01,0.005485394952506897
2021-09-02,-0.001397131145925581
2021-09-03,0.008993940459429283
2021-09-07,0.00409365882003792
2021-09-08,-0.010258496203961543
2021-09-09,-0.010697072561000326
2021-09-10,-0.022498145774942406
2021-09-13,-0.0022672611190846202
2021-09-14,-0.008607803124703323
2021-09-15,0.02215768466470407
2021-09-16,0.0019705409031410053
2021-09-17,-0.03533384445641409
2021-09-20,-0.06151607505885608
2021-09-21,0.0012736523221843774
2021-09-22,0.029253625705065595
2021-09-23,0.027767454219951648
2021-09-24,0.0028289843832814045
2021-09-27,-0.02412003427666436
2021-09-28,-0.08339976723735598
2021-09-29,-0.006623001912008472
2021-09-30,-0.011270712066992622
2021-10-01,0.018222686199919187
2021-10-04,-0.061494730666924534
2021-10-05,0.03847438444213202
2021-10-06,0.019737872800778263
2021-10-07,0.027050642852887614
2021-10-08,-0.015370100503351575
2021-10-11,-0.022199698052754915
2021-10-12,-0.010188596425590033
2021-10-13,0.023423639257876896
2021-10-14,0.05519901259955132
2021-10-15,0.018537940496161358
2021-10-18,0.029990449893325284
2021-10-19,0.02196328851811953
2021-10-20,-0.00315024743296981
2021-10-21,0.017907029044989937
2021-10-22,-0.02531884265619896
2021-10-25,0.030011263545893
2021-10-26,0.009345894144640793
2021-10-27,0.007897408044995231
2021-10-28,0.03282902439881778
2021-10-29,0.014780957687007008
2021-11-01,0.009860803648634606
2021-11-02,0.013338365251884109
2021-11-03,0.03174226040496952
2021-11-04,0.0372968404368255
2021-11-05,0.0037074589230135717
2021-11-08,-0.004104120126908903
2021-11-09,-0.0206053552505892
2021-11-10,-0.043820468808848836
2021-11-11,0.008109487186998166
2021-11-12,0.03174145119068636
2021-11-15,-0.0003023437447072908
2021-11-16,0.020677117912740284
2021-11-17,0.0011847592778953379
2021-11-18,0.03058814211769512
2021-11-19,0.016935246941747875
2021-11-22,-0.03466172029976502
2021-11-23,-0.013625534613315175
2021-11-24,0.009248503660250942
2021-11-26,-0.05516048395630754
2021-11-29,0.062111418481395224
2021-11-30,-0.04296693904859851
2021-12-01,-0.05131769687981657
2021-12-02,0.018826196385655233
2021-12-03,-0.05024668159348365
2021-12-06,0.023387427865185034
2021-12-07,0.09017547246998832
2021-12-08,0.013915324146598476
2021-12-09,-0.04317626197841998
2021-12-10,0.030965255699864008
2021-12-13,-0.042992576843963994
2021-12-14,-0.029762486374912456
2021-12-15,0.06617370392620325
2021-12-16,-0.07630134555861925
2021-12-17,-0.015280072447970368
2021-12-20,-0.029907324437099404
2021-12-21,0.06685372812166328
2021-12-22,0.03568910165815226
2021-12-23,0.023756601009562672
2021-12-27,0.04780016571704651
2021-12-28,-0.011765370796048528
2021-12-29,-0.001575636534358427
2021-12-30,-0.009352492196194927
2021-12-31,-0.018586230702172003
2022-01-03,0.028858351307548977
2022-01-04,-0.03885946100865389
2022-01-05,-0.09198679248277045
2022-01-06,-0.0027452150917033715
2022-01-07,-0.0326977284282064
2022-01-10,0.0036787318639152624
2022-01-11,0.04398353445376681
2022-01-12,0.011393569959797133
2022-01-13,-0.07257018043122983
2022-01-14,0.015113188905701676
2022-01-18,-0.07207446764069765
2022-01-19,-0.03478780012168377
2022-01-20,-0.03868277327412282
2022-01-21,-0.08419533541389491
2022-01-24,-0.006647506737410627
2022-01-25,-0.07375201382432037
2022-01-26,0.0069506797514146575
2022-01-27,0.003935542140089357
2022-01-28,0.001337135167743136
2022-01-31,0.09685991068896134
2022-02-01,0.019084764676656277
2022-02-02,0.02364696249522245
2022-02-03,-0.12031008475532472
2022-02-04,0.03454352553357901
2022-02-07,-0.022657567141324293
2022-02-08,0.033989957701212305
2022-02-09,0.06203629340966493
2022-02-10,-0.06634915910673088
2022-02-11,-0.09418563824968954
2022-02-14,0.0073096320155264525
2022-02-15,-0.023844143803610718
2022-02-16,-0.00017458562810271111
2022-02-17,-0.08867151585652662
2022-02-18,0.006390208701912907
2022-02-22,0.01329683898294733
2022-02-23,0.010019056831348034
2022-02-24,0.0028618435000019884
2022-02-25,-0.0116234403718761
2022-02-28,0.01794863206925698
2022-03-01,0.0522665812783025
2022-03-02,0.041373500806654286
2022-03-03,-0.0004400179729157211
2022-03-04,0.05410020289311269
2022-03-07,0.02923297451859802
2022-03-08,0.027089186733936954
2022-03-09,-0.0980154793342074
2022-03-10,-0.015339941066360548
2022-03-11,0.024415373739096663
2022-03-14,-0.03793076478829331
2022-03-15,-0.04119566940903334
2022-03-16,-0.006819896096641517
2022-03-17,0.0635381766120495
2022-03-18,0.008863016323129243
2022-03-21,-0.007146636639494445
2022-03-22,0.059101850428621726
2022-03-23,-0.04221044672022898
2022-03-24,0.06479906515018702
2022-03-25,-0.001578214240757846
2022-03-28,0.045494392385820676
2022-03-29,0.051243356408570515
2022-03-30,-0.030046497927688744
2022-03-31,-0.041357622743381325
2022-04-01,-0.0042971092611914195
2022-04-04,0.062488982481220895
2022-04-05,-0.06612491533645005
2022-04-06,-0.06576184540581152
2022-04-07,0.0065176036276314905
2022-04-08,-0.04088824016310443
2022-04-11,-0.07098745555002142
2022-04-12,0.04035512374064616
2022-04-13,0.027049911571319314
2022-04-14,0.011097128662964924
2022-04-18,0.010972348954891437
2022-04-19,-0.03491745000372036
2022-04-20,0.0029891029215763512
2022-04-21,-0.0025002172343386803
2022-04-22,-0.014434763825281298
2022-04-25,-0.0036281715354126577
2022-04-26,0.006809479733952266
2022-04-27,0.0028887648737248384
2022-04-28,0.015375760976296338
2022-04-29,-0.009676466241095954
2022-05-02,0.015533681861611845
2022-05-03,-0.017757556459246565
2022-05-04,0.038617068188969955
2022-05-05,-0.0010184515040984469
2022-05-06,0.010781511352856784
2022-05-09,-0.05646357788841963
2022-05-10,-0.01628190114771019
2022-05-11,0.03677272491509851
2022-05-12,0.009077195493730508
2022-05-13,0.012991575294514834
2022-05-16,0.019462913661643513
2022-05-17,-0.017472755499348912
2022-05-18,-0.02204261747744246
2022-05-19,0.008244171779120433
2022-05-20,0.007355690441179617
2022-05-23,0.005715001334862267
2022-05-24,-0.00017203788767528784
2022-05-25,0.006479264134067301
2022-05-26,0.01825831269042578
2022-05-27,0.01107408087365206
2022-05-31,-0.0033897723584236867
2022-06-01,0.0028401149308782962
2022-06-02,0.021398185381461807
2022-06-03,0.01745180666747488
2022-06-06,-0.003860198535166444
2022-06-07,0.012665808618458858
2022-06-08,0.015297267241794893
2022-06-09,-0.0041259635714770955
2022-06-10,-0.010128425444850226
2022-06-13,-0.004347600119200558
2022-06-14,-0.016089062028391825
2022-06-15,-0.008254113583109115
2022-06-16,0.006396216613853499
2022-06-17,-0.042479843610842505
2022-06-21,0.003038066870103024
2022-06-22,-0.02778016207084481
2022-06-23,-0.011221952245167453
2022-06-24,-0.0006086287576570347
2022-06-27,0.01021289363035183
2022-06-28,0.010901661492564323
2022-06-29,-0.010391253016340848
2022-06-30,-0.0029842289570822206
2022-07-01,0.0050947613509474314
2022-07-05,0.003928529942461532
2022-07-06,-0.00839536706545339
2022-07-07,-0.004400113003754679
2022-07-08,-0.005592883740078115
2022-07-11,0.008677135083032814
2022-07-12,0.0029161539073815157
2022-07-13,0.005733126524730394
2022-07-14,-0.004024588543690436
2022-07-15,0.002759292656766479
2022-07-18,-0.005209063373320893
2022-07-19,-0.0026973105325282165
2022-07-20,0.0013121482423859427
2022-07-21,0.008802058932484343
2022-07-22,0.008460293046081256
2022-07-25,-0.004947071467874654
2022-07-26,0.00038336213674861687
2022-07-27,-0.002809092132022597
2022-07-28,0.004035275214952355
2022-07-29,-0.001304160441701644
2022-08-01,0.012080334795277448
2022-08-02,-0.010525398233368113
2022-08-03,-0.02012629898689586
2022-08-04,-0.005518170576964641
2022-08-05,-0.017524907836624894
2022-08-08,0.012305700482826407
2022-08-09,-0.00041350904532193116
2022-08-10,-0.004521864059907777
2022-08-11,0.00839728411309682
2022-08-12,-0.011189932250464763
2022-08-15,-0.012566178136896866
2022-08-16,-0.006501710670627503
2022-08-17,-0.03467926635877441
2022-08-18,-0.0005672430383528733
2022-08-19,-0.003852883666565892
2022-08-22,0.001111401446525852
2022-08-23,0.01170466615319388
2022-08-24,0.013133691860470288
2022-08-25,-0.005531799307780983
2022-08-26,0.002073893286449288
2022-08-29,0.007322563277023526
2022-08-30,-0.03433860134278818
2022-08-31,-0.010359125830307042
2022-09-01,-0.010587934957680636
2022-09-02,0.0034317633443568755
2022-09-06,-0.0030297422977746823
2022-09-07,-0.011854998624317107
2022-09-08,0.002142747855682713
2022-09-09,0.01417573344342198
2022-09-12,0.006837944362671027
2022-09-13,-0.002415916810813819
2022-09-14,0.002147584991846521
2022-09-15,-0.034998078361181746
2022-09-16,-0.0018021950972427763
2022-09-19,0.001607751036600091
2022-09-20,-0.0006555097735767999
2022-09-21,0.0024310491965441787
2022-09-22,-0.012555976318455637
2022-09-23,-0.008638415202732666
2022-09-26,-0.009664798339236596
2022-09-27,0.0011889199766040178
2022-09-28,0.010448040690959396
2022-09-29,1.2353781300230372e-05
2022-09-30,3.2311220093375975e-05
2022-10-03,0.012017854131298168
2022-10-04,0.007328096633168555
2022-10-05,-0.002769133187771889
2022-10-06,0.01042758665108433
2022-10-07,0.019702882505949548
2022-10-10,-0.0143672718489128
2022-10-11,-0.013757107704551123
2022-10-12,-0.005714283587625218
2022-10-13,-0.0032979867442915717
2022-10-14,-0.0261323036450731
2022-10-17,-0.0014769161561275271
2022-10-18,-0.015571663889786109
2022-10-19,0.009752576614338865
2022-10-20,0.0014021605902901288
2022-10-21,0.0033821388243918
2022-10-24,6.058926310661462e-05
2022-10-25,0.004439648243685489
2022-10-26,0.02607778346195077
2022-10-27,0.005236406066678023
2022-10-28,-0.011292792500131332
2022-10-31,-0.012414709807715394
2022-11-01,0.018677935448857607
2022-11-02,0.011074277168933049
2022-11-03,-0.005720685847975089
2022-11-04,0.024191789674393865
2022-11-07,-0.006018856634020182
2022-11-08,-0.019721511272282017
2022-11-09,-0.030324669353350438
2022-11-10,0.01919875076326022
2022-11-11,0.003248689709835261
2022-11-14,-0.015510055488019437
2022-11-15,0.011075610020247185
2022-11-16,-0.009407430421671437
2022-11-17,-0.008909748202911698
2022-11-18,-0.006885880471803701
2022-11-21,-0.0006871420861475942
2022-11-22,0.007682540102860927
2022-11-23,0.011836953086525043
2022-11-25,-0.0012657126388224186
2022-11-28,-0.002542558238668913
2022-11-29,-0.0033928134958176024
2022-11-30,0.010068054783374875
2022-12-01,0.005517945748426666
2022-12-02,-0.011819547395840947
2022-12-05,-0.050405769600227364
2022-12-06,0.007808727009874065
2022-12-07,0.016300560022170618
2022-12-08,-0.0009491950986264521
2022-12-09,-0.01123526054183143
2022-12-12,-0.002531493177369158
2022-12-13,0.013368498078366669
2022-12-14,-0.023734836430285764
2022-12-15,-0.006228859308175773
2022-12-16,-0.005585233389049386
2022-12-19,-0.009811539795507775
2022-12-20,-0.0005813954912116202
2022-12-21,0.00042875981389364575
2022-12-22,-0.006138884756039638
2022-12-23,-0.005831319177164878
2022-12-27,0.005729713476126363
2022-12-28,-0.00908446530692492
2022-12-29,0.002434565778364675
2022-12-30,0.0022844108897261614
2023-01-03,0.0042402579009386725
2023-01-04,0.004651029378278696
2023-01-05,-0.006061679005435422
2023-01-06,0.0092993279619962
2023-01-09,0.009220625985859723
2023-01-10,0.001989845874565863
2023-01-11,0.01596920907268234
2023-01-12,0.015456093401940908
2023-01-13,0.019786797331991443
2023-01-17,0.005472578263753664
2023-01-18,-0.0371103406351205
2023-01-19,0.015702884453926067
2023-01-20,0.005132175134158845
2023-01-23,0.06571856474551482
2023-01-24,-0.005982722870607364
2023-01-25,-0.007407328878598883
2023-01-26,0.05783576042349774
2023-01-27,0.02865965871692729
2023-01-30,-0.06000852988673789
2023-01-31,0.04468761769791682
2023-02-01,0.06460061579110905
2023-02-02,0.10332115280947365
2023-02-03,-0.05165376827650139
2023-02-06,-0.025470103222611926
2023-02-07,0.06192188552479698
2023-02-08,-0.05376738903393469
2023-02-09,-0.026810911837135503
2023-02-10,-0.02055923732445233
2023-02-13,0.047439375496707174
2023-02-14,0.021643291083354495
2023-02-15,0.022361545781155026
2023-02-16,-0.05717574792137091
2023-02-17,-0.021571114982787357
2023-02-21,-0.07029925248173281
2023-02-22,0.0008945775822653224
2023-02-23,0.025033706941035128
2023-02-24,-0.050588811496087474
2023-02-27,0.02158938649197371
2023-02-28,-0.004945990025291323
2023-03-01,-0.024401451671911496
2023-03-02,0.02408524587200521
2023-03-03,0.06105814606943954
2023-03-06,0.004262784725679198
2023-03-07,-0.037351467948077574
2023-03-08,0.01366854851928667
2023-03-09,-0.052631533361938494
2023-03-10,-0.04132241680726171
2023-03-13,0.01261055657164576
2023-03-14,-0.011116197952654632
2023-03-15,0.014486411908563441
2023-03-16,-0.002901487349812608
2023-03-17,-0.014835606413476022
2023-03-20,0.010581897379616451
2023-03-21,0.04228758890108372
2023-03-22,-0.04080841580189511
2023-03-23,0.035656554702116455
2023-03-24,0.010172096279486892
2023-03-27,-0.020526757945942574
2023-03-28,-0.016607362485690596
2023-03-29,0.05468427864799334
2023-03-30,0.027068433557440052
2023-03-31,0.048997790831425
2023-04-03,-0.007077236716923771
2023-04-04,-0.009978598190282443
2023-04-05,-0.03203754572032919
2023-04-06,0.020081972885574558
2023-04-10,-0.002187386915604019
2023-04-11,-0.019364443686424513
2023-04-12,-0.026452947169560544
2023-04-13,0.05740523161833115
2023-04-14,-0.005790857764447464
2023-04-17,0.0010921731434948316
2023-04-18,0.0007272250841542391
2023-04-19,-0.0021800898364479427
2023-04-20,-0.023306756938743085
2023-04-21,0.0018645273958199009
2023-04-24,-0.005954720605994476
2023-04-25,-0.056533057181732786
2023-04-26,0.016666671903904643
2023-04-27,0.0807960460879687
2023-04-28,0.020224012994798434
2023-05-01,-0.0028319529676606417
2023-05-02,-0.026624010978805516
2023-05-03,-0.01969380719455625
2023-05-04,-0.011160573564130619
2023-05-05,0.06132430656589633
2023-05-08,0.008153164201194333
2023-05-09,-0.019338944086399638
2023-05-10,0.03226957269020808
2023-05-11,0.00833616291573373
2023-05-12,-0.010334074308308374
2023-05-15,0.015315031744415184
2023-05-16,0.0037710218434226124
2023-05-17,0.03586060267345526
2023-05-18,0.05374217226681806
2023-05-19,-0.006883586985028668
2023-05-22,0.01039697996466646
2023-05-23,-0.038665415526130585
2023-05-24,-0.016217997857095247
2023-05-25,0.07220570461363776
2023-05-26,0.0756456715461345
2023-05-30,0.014008163420536818
2023-05-31,-0.020298964027158008
2023-06-01,0.0362591260232933
2023-06-02,0.02249365085264063
2023-06-05,0.002172912522178612
2023-06-06,-0.0010841542550640271
2023-06-07,-0.05100389350652224
2023-06-08,0.034305563117212806
2023-06-09,0.012161163791211923
2023-06-12,0.05106516541380861
2023-06-13,0.022343235005817644
2023-06-14,0.021347001134578564
2023-06-15,0.03508337250160064
2023-06-16,-0.019230747266904533
2023-06-20,-0.004901930815165679
2023-06-21,-0.040077131306756004
2023-06-22,0.033204808618460396
2023-06-23,-0.02964635697279256
2023-06-26,-0.03953790717610842
2023-06-27,0.04945192736704318
2023-06-28,0.006113326045463201
2023-06-29,-0.006835478098772054
2023-06-30,0.045118362319801465
2023-07-03,0.006829336758318125
2023-07-05,-0.0007267480077533811
2023-07-06,-0.023515020112292034
2023-07-07,-0.010179062250105507
2023-07-10,0.0007527465249818991
2023-07-11,0.014285787768424214
2023-07-12,0.03706429007995848
2023-07-13,0.049797517205371615
2023-07-14,-0.0009077979521604632
2023-07-17,0.027714609236158812
2023-07-18,0.023872804008428363
2023-07-19,0.0
2023-07-20,-0.07016412227660056
2023-07-21,-0.008822861528936776
2023-07-24,0.003982002127001182
2023-07-25,0.02006549815608592
2023-07-26,-0.01029273549392248
2023-07-27,-0.008550851267782463
2023-07-28,0.054078914381001666
2023-07-31,0.001990542349037228
2023-08-01,-0.0077248358773987945
2023-08-02,-0.06539128443942853
2023-08-03,-0.007139494507633182
2023-08-04,-0.013902120278869242
2023-08-07,0.024793228269600922
2023-08-08,-0.025616459721236388
2023-08-09,-0.033349794634064324
2023-08-10,0.004532887286993508
2023-08-11,-0.02005502662925138
2023-08-14,0.03325648936415116
2023-08-15,-0.030700568900385854
2023-08-16,-0.03320592455843958
2023-08-17,-0.03381753841238406
2023-08-18,-0.0046486076949394375
2023-08-21,0.0483517589269198
2023-08-22,-0.004454811757285728
2023-08-23,0.047117554466325436
2023-08-24,-0.06586251599136968
2023-08-25,0.023681542346969012
2023-08-28,0.02234494917367338
2023-08-29,0.0637695011802044
2023-08-30,0.016678937231979895
2023-08-31,0.009034633826510595
2023-09-01,-0.0035343270256885983
2023-09-05,0.002601070050540275
2023-09-06,-0.026415169160129433
2023-09-07,-0.021802153396129485
2023-09-08,0.002971783306522382
2023-09-11,0.034073954386667264
2023-09-12,-0.03199612550856706
2023-09-13,0.009866589196131563
2023-09-14,0.023448978364133188
2023-09-15,-0.0513127016589194
2023-09-18,0.0022643616679563086
2023-09-19,-0.006024226486901822
2023-09-20,-0.043359157092101704
2023-09-21,-0.0569537122093202
2023-09-22,0.0008427259865627849
2023-09-25,0.013191001507196105
2023-09-26,-0.044597898658046135
2023-09-27,0.006088475150110812
2023-09-28,0.024207653239971632
2023-09-29,0.002250583063358168
2023-10-02,0.02386320699613169
2023-10-03,-0.05292025058712147
2023-10-04,0.040532722087572796
2023-10-05,-0.010573071251931215
2023-10-06,0.050337287031258074
2023-10-09,0.014725590792172593
2023-10-10,0.016358959197399103
2023-10-11,0.02128759899416092
2023-10-12,-0.01169307322377209
2023-10-13,-0.037808545266557435
2023-10-16,0.033680849598682054
2023-10-17,-0.009567998860879869
2023-10-18,-0.042297677693211674
2023-10-19,-0.026717589992384876
2023-10-20,-0.04509791500610609
2023-10-23,0.008799962065846906
2023-10-24,0.028205979785281807
2023-10-25,-0.07324662976943475
2023-10-26,0.0010072744946695114
2023-10-27,0.005978317536898748
2023-10-30,-0.002765944733916785
2023-10-31,-0.0027282812866579824
2023-11-01,-0.0014219892136778916
2023-11-02,0.05308966511403635
2023-11-03,0.03526181478443336
2023-11-06,0.011442164895693463
2023-11-07,0.02815039619880923
2023-11-08,0.001791394162571033
2023-11-09,-0.02375480890217642
2023-11-10,0.06671894222264756
2023-11-13,-0.009075261921271777
2023-11-14,0.06287109922033812
2023-11-15,0.0027946945501074846
2023-11-16,0.0016256342741211409
2023-11-17,0.0006955045257492609
2023-11-20,0.0356813662983732
2023-11-21,-0.01812090563878238
2023-11-22,0.01162000455939472
2023-11-24,-0.004954979374700152
2023-11-27,-0.002942639843939938
2023-11-28,0.0079456745573415
2023-11-29,-0.0036035810991325396
2023-11-30,-0.008363614025040256
2023-12-01,0.00843415403400844
2023-12-04,-0.028481111969408536
2023-12-05,0.007212755562522368
2023-12-06,-0.017787059698067254
2023-12-07,0.04186256589674095
2023-12-08,0.011964092186695557
2023-12-11,0.025429227662176555
2023-12-12,0.024146337957699677
2023-12-13,0.03525904601828167
2023-12-14,-0.0016413924294859314
2023-12-15,0.011919397267386701
2023-12-18,0.020917988554796436
2023-12-19,0.014919406040320177
2023-12-20,-0.044431745526637895
2023-12-21,0.03316834538642151
2023-12-22,0.003988129933579319
2023-12-26,0.01827216674090014
2023-12-27,0.005266238683097398
2023-12-28,-0.0025224174149521762
2023-12-29,-0.01381034958549452
2024-01-02,-0.05069039002541347
2024-01-03,-0.03199675669131746
2024-01-04,-0.016741813138900854
2024-01-05,0.003710930538078517
2024-01-08,0.06024375886553814
2024-01-09,0.00656404715247636
2024-01-10,0.019767695088811505
2024-01-11,0.004796181460148889
2024-01-12,0.0011933609164837386
2024-01-16,-0.0005960859331420745
2024-01-17,-0.017292832910928556
2024-01-18,0.04288034950961096
2024-01-19,0.05779669970966996
2024-01-22,0.004033788389484336
2024-01-23,0.011870041799074261
2024-01-24,0.016423002379812406
2024-01-25,0.00284085042653778
2024-01-26,-0.018413669225357133
2024-01-29,0.029401253035930244
2024-01-30,-0.01997551151195658
2024-01-31,-0.058823566477454285
2024-02-01,0.0353344486195562
2024-02-02,0.050275242989523405
2024-02-05,-0.005066355243186488
2024-02-06,-0.00579466459051163
2024-02-07,0.029848174970862996
2024-02-08,0.004115880756106817
2024-02-09,0.02937664875976348
2024-02-12,-0.011780221048232675
2024-02-13,-0.04734729171014113
2024-02-14,0.03172363522729798
2024-02-15,0.00837019330624007
2024-02-16,-0.027443550217761837
2024-02-20,-0.02316659779925301
2024-02-21,-0.012482320134601592
2024-02-22,0.08649335780406052
2024-02-23,-0.009140722019095066
2024-02-26,-0.0013419024355289474
2024-02-27,0.006214416235535649
2024-02-28,-0.01619103108097032
2024-02-29,0.02409229123216552
2024-03-01,0.045891318979848356
2024-03-04,-0.011880153787170025
2024-03-05,-0.053542848591282284
2024-03-06,0.018462080897604753
2024-03-07,0.04457013839866004
2024-03-08,-0.04378273798891936
2024-03-11,-0.011655152386599196
2024-03-12,0.04245279471564157
2024-03-13,-0.02327093662893772
2024-03-14,-0.008107067637528796
2024-03-15,-0.03653063001410938
2024-03-18,0.028220385330541182
2024-03-19,0.006903430240389728
2024-03-20,0.03549545178181518
2024-03-21,0.012966005032811036
2024-03-22,0.0020800993053891677
2024-03-25,-0.010218800574590266
2024-03-26,-0.009356324455133878
2024-03-27,0.00879332084003506
2024-03-28,-0.006295384967309723
2024-04-01,0.006172821900283751
2024-04-02,-0.026800162595879883
2024-04-03,0.006635817751912847
2024-04-04,-0.04713249284176129
2024-04-05,0.03528178848714877
2024-04-08,0.000668433251122453
2024-04-09,0.01035043998212362
2024-04-10,-0.026272383950437246
2024-04-11,0.04700489443136027
2024-04-12,-0.04829806362680732
2024-04-15,-0.050238373981730235
2024-04-16,0.0001791710975541501
2024-04-17,-0.03711010249534823
2024-04-18,-0.017873647473718782
2024-04-19,-0.06199065104577529
2024-04-22,0.029102789820036258
2024-04-23,0.044579675701421684
2024-04-24,0.009776226501127172
2024-04-25,-0.01601183643696921
2024-04-26,0.04597911173952486
2024-04-29,0.011939147712526802
2024-04-30,-0.05720404874965884
2024-05-01,-0.021615484415466336
2024-05-02,0.03701547828987952
2024-05-03,0.05961506069910612
2024-05-06,0.03280426244153143
2024-05-07,0.0
2024-05-08,-0.0018784484667288485
2024-05-09,0.005474794849560795
2024-05-10,0.00680611466169095
2024-05-13,0.006591294877508094
2024-05-14,0.018636538755197444
2024-05-15,0.04615142212471249
2024-05-16,-0.0061446207228171455
2024-05-17,-0.0022194430559953197
2024-05-20,0.020654398667628526
2024-05-21,0.005137078030939205
2024-05-22,-0.0006193728840485016
2024-05-23,-0.014876822288895284
2024-05-24,0.028000571789714695
2024-05-28,0.01086470831411815
2024-05-29,-0.020890290404279047
2024-05-30,-0.032158286908594694
2024-05-31,-0.0011181060695539388
2024-06-03,0.009755427315196482
2024-06-04,0.00744372098794636
2024-06-05,0.06036794799667005
2024-06-06,-0.0011862002326354655
2024-06-07,-0.003710742330319774
2024-06-10,0.010577847917233684
2024-06-11,0.02064008669782082
2024-06-12,0.03943361728215965
2024-06-13,0.01598111198913063
2024-06-14,0.014498743233049923
2024-06-17,0.036268093382675844
2024-06-18,0.0005202328336363626
2024-06-20,-0.023537123930444385
2024-06-21,-0.009188773276943932
2024-06-24,-0.033870830375557784
2024-06-25,0.03338880528952551
2024-06-26,0.006256871917026638
2024-06-27,0.007252171872213775
2024-06-28,-0.01573306179748495
2024-07-01,0.01639103264664051
2024-07-02,0.030654612412160515
2024-07-03,0.024569831913639168
2024-07-05,0.030291675558466343
2024-07-08,0.006615078394245264
2024-07-09,0.002190598637486436
2024-07-10,0.03132972886227884
2024-07-11,-0.06570115670992532
2024-07-12,0.016257206038122102
2024-07-15,0.007440311505746067
2024-07-16,0.0007386223310821252
2024-07-17,-0.08794592520970991
2024-07-18,-0.014969552324554346
2024-07-19,-0.02710844142878855
2024-07-22,0.043625181257421916
2024-07-23,-0.010787561939301974
2024-07-24,-0.10782449947397824
2024-07-25,-0.03330781274460035
2024-07-26,0.0286075565837023
2024-07-29,0.005838981942904295
2024-07-30,-0.0407882637801695
2024-07-31,0.08743421272549667
2024-08-01,-0.07205616828398052
2024-08-02,-0.07291668903238804
2024-08-05,-0.08716380941629749
2024-08-06,0.024990864523768946
2024-08-07,-0.03220545191601085
2024-08-08,0.09155860517145978
2024-08-09,0.013606628987258514
2024-08-12,0.006796923756295378
2024-08-13,0.07274267473729766
2024-08-14,0.0017306283673105215
2024-08-15,0.07523163480628656
2024-08-16,0.002629180611785824
2024-08-19,0.038752958764170925
2024-08-20,-0.006170928807702066
2024-08-21,0.01368866643452893
2024-08-22,-0.04802991411089156
2024-08-23,0.031441903400935965
2024-08-26,-0.029349179627163578
2024-08-27,0.008472334102382477
2024-08-28,-0.03389366566837343
2024-08-29,-0.005247348441628537
2024-08-30,0.03406185267459626
2024-09-03,-0.09124035984328747
2024-09-04,-0.008500332083671371
2024-09-05,0.00323519031979248
2024-09-06,-0.081102951710798
2024-09-09,0.03719954931544781
2024-09-10,0.026898980869060892
2024-09-11,0.06375612463967105
2024-09-12,0.029580571346910712
2024-09-13,0.013086415855292044
2024-09-16,-0.01336290787438892
2024-09-17,0.0006017792497296147
2024-09-18,-0.013084568232280842
2024-09-19,0.07558674906396769
2024-09-20,-0.00637585071645164
2024-09-23,0.007415059196656473
2024-09-24,0.014154296777217653
2024-09-25,0.003500199578969205
2024-09-26,0.02120829514970218
2024-09-27,-0.017215398562865452
2024-09-30,0.007785327530147958
2024-10-01,-0.042350673496392884
2024-10-02,0.0037453689373696045
2024-10-03,-0.0022963961259964165
2024-10-04,0.03524181200421191
2024-10-07,-0.032930658018837454
2024-10-08,0.04339122229020987
2024-10-09,0.024097915387336324
2024-10-10,-0.0034958721472700743
2024-10-11,0.0025636620792461105
2024-10-14,0.025571899548754495
2024-10-15,-0.03989487246498545
2024-10-16,-0.0005469497120835109
2024-10-17,0.0030088099251729147
2024-10-18,0.01772568985684779
2024-10-21,0.005493203234193091
2024-10-22,0.002931124309034603
2024-10-23,-0.04623342723114891
2024-10-24,0.023819461736874922
2024-10-25,0.01687057803998385
2024-10-28,0.000936616835070733
2024-10-29,0.02767011515075996
2024-10-30,-0.02224254839855768
2024-10-31,-0.07609409283418093
2024-11-01,0.02131039552061953
2024-11-04,-0.009305015061724996
2024-11-05,0.03799639873932719
2024-11-06,0.08116254638103376
2024-11-07,0.04679195314869762
2024-11-08,0.002422734163921574
2024-11-11,-0.0018128931349126792
2024-11-12,-0.005447806566468128
2024-11-13,-0.004382344565661642
2024-11-14,-0.02115181269919739
2024-11-15,-0.07232060674163829
2024-11-18,0.020196563272715892
2024-11-19,0.020060587354951455
2024-11-20,-0.0011644768686670604
2024-11-21,0.009844701616138643
2024-11-22,0.0037196466082265785
2024-11-25,0.004600862024147569
2024-11-26,0.015519597949133674
2024-11-27,-0.02417641852069101
2024-11-29,0.025545704145901217
2024-12-02,0.032419483542779404
2024-12-03,0.008850627528544373
2024-12-04,0.03653403548471959
2024-12-05,-0.008231705646244819
2024-12-06,0.025718811955810238
2024-12-09,-0.023364503726961448
2024-12-10,-0.010852944086137021
2024-12-11,0.053445015142446504
2024-12-12,-0.019823114739544512
2024-12-13,0.02148080859593577
2024-12-16,0.04351224528393142
2024-12-17,-0.013398985154415509
2024-12-18,-0.10810530027220172
2024-12-19,-0.014130697649568816
2024-12-20,0.025948309810998212
2024-12-23,0.027853246921474884
2024-12-24,0.03973669398761482
2024-12-26,-0.002148228650122104
2024-12-27,-0.04068000414818108
2024-12-30,-0.04016062242008813
2024-12-31,-0.026212118245646916
2025-01-02,-0.006318669413540809
2025-01-03,0.047945956267149446
2025-01-06,0.03410189863748368
2025-01-07,-0.053866779249403904
2025-01-08,0.000744245841577851
2025-01-10,-0.04771950937938782
2025-01-13,-0.010412422732119283
2025-01-14,-0.0035513454399326806
2025-01-15,0.06758168656698008
2025-01-16,-0.020400446200676863
2025-01-17,0.049350039419907406
2025-01-21,0.016598441233001585
2025-01-22,0.03880733534178932
2025-01-23,0.006150367152817184
2025-01-24,-0.01799866711509976
2025-01-27,-0.08772334353470901
2025-01-28,0.04435186777321476
2025-01-29,-0.006170665492013765
2025-01-30,0.012539531280190568
2025-01-31,-0.005410565395076391
2025-02-03,-0.024178052826603468
2025-02-04,0.03629839774406099
2025-02-05,0.013030555306529423
2025-02-06,0.014986945207786649
2025-02-07,-0.03813505598089768
2025-02-10,0.03517470520564912
2025-02-11,-0.007122895468190325
2025-02-12,0.0019992252332361317
2025-02-13,0.042136279779429894
2025-02-14,0.011713100918235578
2025-02-18,0.0062338823559755915
2025-02-19,0.000110647984502105
2025-02-20,-0.01216813762368777
2025-02-21,-0.06259802576381934
2025-02-24,-0.03595750471682881
2025-02-25,-0.038165922616199346
2025-02-26,0.006441591067023591
2025-02-27,-0.08294935112543168
2025-02-28,0.04578453139629464
2025-03-03,-0.06460226171004131
2025-03-04,-0.010987516565140607
2025-03-05,0.03895546895788474
2025-03-06,-0.08290512480637174
2025-03-07,0.02074513134373112
2025-03-10,-0.11274304814035062
2025-03-11,0.0022943072762487016
2025-03-12,-0.0008133755405187585
2025-03-13,0.01327379219798321
2025-03-14,-0.0024476631697521916
2025-03-17,0.005202092283695185
2025-03-18,0.006332564792888297
2025-03-19,0.004644508001336241
2025-03-20,-0.00031122331002227045
2025-03-21,-0.006984269682905461
2025-03-24,-0.007353101529000483
2025-03-25,0.01784358093213782
2025-03-26,-0.0556085335296457
2025-03-27,0.007100673319065011
2025-03-28,0.002133743240886888
2025-03-31,0.014166726221787128
2025-04-01,-0.00260556412539833
2025-04-02,0.005307071174365741
2025-04-03,-0.03832913399000562
2025-04-04,-0.006252350943039077
2025-04-07,-0.02582104096423093
2025-04-08,0.0028311212317790437
2025-04-09,0.0184956254073908
2025-04-10,0.012266455984412165
2025-04-11,0.009761841519901525
2025-04-14,-0.0028529885061003403
2025-04-15,0.0027255944673746538
2025-04-16,0.016324897647362887
2025-04-17,-0.0019770919094946647
2025-04-21,0.015522431280276252
2025-04-22,-0.007097834275981837
2025-04-23,-0.011880137948136624
2025-04-24,0.007278138509103967
2025-04-25,-0.005202708444761644
2025-04-28,0.010271106741605125
2025-04-29,-0.004869462733838579
2025-04-30,-0.0036865634707997515
2025-05-01,-0.010265907465222783
2025-05-02,0.00103821071600946
2025-05-05,0.014933877388327103
2025-05-06,0.014121284876512067
2025-05-07,-0.013701806624091508
2025-05-08,-0.0033222744199489116
2025-05-09,0.007444143588405531
2025-05-12,-0.010780861915409973
2025-05-13,0.04583273152526895
2025-05-14,0.017645267006172926
2025-05-15,0.0031267931589661862
2025-05-16,0.012326354472482107
2025-05-19,0.0026592067192120626
2025-05-20,-0.010468882226794754
2025-05-21,-0.04161379798033562
2025-05-22,0.005151600569836026
2025-05-23,-0.0288476728623764
2025-05-27,0.06966261867910749
2025-05-28,-0.012827924728194797
2025-05-29,0.004855127435274589
2025-05-30,-0.005257999244292554
2025-06-02,0.022999960287806695
2025-06-03,0.023320858808755666
2025-06-04,0.00805129441326188
2025-06-05,-0.02328422136319101
2025-06-06,0.028551555816825714
2025-06-09,0.0044469675564164386
2025-06-10,0.019318521671262922
2025-06-11,-0.010266050794832223
2025-06-12,0.0065160762272580145
2025-06-13,-0.0377855981391198
2025-06-16,0.04077979090539992
2025-06-17,-0.029551550792534284
2025-06-18,-0.0013594036796647823
2025-06-20,-0.013748918732727503
2025-06-23,0.031055725678214047
2025-06-24,0.04551550130963952
2025-06-25,0.007678438886027384
2025-06-26,0.027395426672327368
2025-06-27,0.00979775639587934
2025-06-30,0.019405572195966118
2025-07-01,-0.02542161267745387
2025-07-02,0.019903611328554782
2025-07-03,0.027999988458334076
2025-07-07,-0.02228519772636277
2025-07-08,0.001326495639113174
2025-07-09,0.020715638026058428
2025-07-10,-0.004601921970648273
2025-07-11,-0.0075865406785404895
2025-07-14,0.010630807925993148
2025-07-15,0.0026000908838357734
2025-07-16,0.0028292467441711
2025-07-17,0.023275004930781752
2025-07-18,-0.003446388714962509
2025-07-21,0.015216056800191552
2025-07-22,-0.015555787871751811
2025-07-23,0.01314877562666327
2025-07-24,0.006602972211690597
2025-07-25,0.005654722694785578
2025-07-28,0.0097841617273625
2025-07-29,-0.004566308843907308
2025-07-30,0.003468492450667929
2025-07-31,-0.016501268705996937
2025-08-01,-0.05997061444331972
2025-08-04,0.05475165388280109
2025-08-05,-0.02080949946819934
2025-08-06,0.03736565681490781
2025-08-07,0.01013050207453888
2025-08-08,0.026966879193559827
2025-08-11,-0.00878902686042859
2025-08-12,0.036891064338514516
2025-08-13,0.0014779024000713414
2025-08-14,-0.0027407295876075016
2025-08-15,-0.014164949121399598
2025-08-18,-0.0012867109282490893
2025-08-19,-0.040798836403641695
2025-08-20,-0.018244897408390665
2025-08-21,-0.013909450767726811
2025-08-22,0.04497621742003177
2025-08-25,-0.008740796199378991
2025-08-26,0.011608394557361335
2025-08-27,0.004523986303490393
2025-08-28,0.01823366538130607
2025-08-29,-0.0360301762956768
2025-09-02,-0.025514744476170737
2025-09-03,0.023311834442669037
2025-09-04,0.027045246925777536
2025-09-05,0.003278061304755492
2025-09-08,0.014266904644941866
2025-09-09,0.008160709908295597
2025-09-10,0.0010650233475821712
2025-09-11,0.01681031609191646
2025-09-12,0.012451648121903861
2025-09-15,0.025527049582595017
2025-09-16,-0.0027209402980304465
2025-09-17,-0.006366234429329544
2025-09-18,0.026950136612821998
2025-09-19,0.01980583209406835
2025-09-22,0.016896482813749
2025-09-23,-0.020148982416918756
2025-09-24,-0.010749905556849388
2025-09-25,-0.013410959619151078
2025-09-26,0.01199399276715179
2025-09-29,0.013333350507609733
2025-09-30,0.0077972891744411375
2025-10-01,0.01411989415866466
2025-10-02,0.01220673660799204
2025-10-03,-0.013566961216798963
2025-10-06,0.022349554622361028
2025-10-07,-0.016162172873978742
2025-10-08,0.033899923786673204
2025-10-09,-0.003949308552175495
2025-10-10,-0.10493309546311125
2025-10-13,0.06345936950014175
2025-10-14,-0.020343071919123247
2025-10-15,0.020468822421427373
2025-10-16,-0.011143441178250307
2025-10-17,0.01901030151596181
2025-10-20,0.03750355491012855
2025-10-21,-0.0011122359248506228
2025-10-22,-0.0294144592641146
2025-10-23,0.025047765962588567
2025-10-24,0.031150894218382814
2025-10-27,0.05309334147492298
2025-10-28,0.022846378278367715
2025-10-29,0.012763492548778
2025-10-30,-0.04576746123238637
2025-10-31,0.014162894247594452
2025-11-03,0.013708051536416231
2025-11-04,-0.06118993791400497
2025-11-05,0.019445371432928363
2025-11-06,-0.05607562553091974
2025-11-07,-0.010384468419772842
2025-11-10,0.06551332582902462
2025-11-11,-0.008251238526380773
2025-11-12,-0.0020575638841672517
2025-11-13,-0.06176601883451007
2025-11-14,0.0007643009937085721
2025-11-17,-0.0256826396155324
2025-11-18,-0.03615867134094113
2025-11-19,0.017181694240530617
2025-11-20,-0.07146424843799984
2025-11-21,0.02217430249364905
2025-11-24,0.07582158040898763
2025-11-25,0.01820660054695421
2025-11-26,0.026148849795027032
2025-11-28,0.02192241293807668
2025-12-01,-0.008984307334836473
2025-12-02,0.02312685260936534
2025-12-03,0.007052389865584042
2025-12-04,-0.0032321547533048895
2025-12-05,0.011529508701272192
2025-12-08,-0.00623339471521911
2025-12-09,0.003763413696070678
2025-12-10,0.01142665426281161
2025-12-11,-0.00953221336140339
2025-12-12,-0.058634805725792424
2025-12-15,-0.015145812265913354
2025-12-16,0.005959276678396011
2025-12-17,-0.05599093012872758
2025-12-18,0.04271255276067651
2025-12-19,0.039021565217443106
2025-12-22,0.013639805443580538
2025-12-23,0.014009185270702742
2025-12-24,0.007938311485689737
2025-12-26,-0.0009032133808405861
2025-12-29,-0.014825508932280847
2025-12-30,-0.007157350808869059
2025-12-31,-0.02550825226800743
2026-01-02,-0.00701822824442592
2026-01-05,0.023877699754351306
2026-01-06,0.026305953606090986
2026-01-07,0.0029085889354430825
2026-01-08,-0.017763284491613032
2026-01-09,0.028972075166174827
2026-01-12,0.002331467747033586
2026-01-13,-0.005188700158009319
2026-01-14,-0.031834471000340134
2026-01-15,0.010217310476040865
2026-01-16,-0.0044134980303071275
2026-01-20,-0.06298482651292753
2026-01-21,0.03942446521112039
2026-01-22,0.022188520094221988
2026-01-23,0.008905390748150735
2026-01-26,0.01287237393064157
2026-01-27,0.026506915441548415
2026-01-28,0.00919701099344138
2026-01-29,-0.01787596610041397
2026-01-30,-0.03640252832543203
2026-02-02,0.020370290779837028
2026-02-03,-0.04682395407128826
2026-02-04,-0.05255134684050799
2026-02-05,-0.04260454547308714
2026-02-06,0.06192285167515657
2026-02-09,0.022731716822383424
2026-02-10,-0.013915785956558914
2026-02-11,0.007448146978528562
2026-02-12,-0.06108958606846255
2026-02-13,0.004351499658008028
2026-02-17,-0.002475820375257378
2026-02-18,0.021509864057469054
2026-02-19,-0.011338276587541721
2026-02-20,0.025189397935232505
2026-02-23,-0.03635641853691467
2026-02-24,0.031923750735454594
2026-02-25,0.041984723721484304
2026-02-26,-0.03508776463529645
2026-02-27,-0.010589307467693456
2026-03-02,0.003634908829139409
2026-03-03,-0.03219322112759073
2026-03-04,0.04490637925581772
2026-03-05,-0.009152358692603354
2026-03-06,-0.045381539415853676
2026-03-09,0.03891462409211375
2026-03-10,0.00020246230137990737
2026-03-11,-0.0010121841198265983
2026-03-12,-0.051063718828727754
2026-03-13,-0.019218522533963014
2026-03-16,0.033311523001284024
2026-03-17,0.014749337995373734
2026-03-18,-0.042774179342083614
2026-03-19,-0.008893698064537568
2026-03-20,-0.057123985341304195
2026-03-23,-0.06531809585841843
2026-03-24,0.026828116694795432
2026-03-25,-0.006259458319388182
2026-03-26,0.021857349496795138
2026-03-27,0.041195708826716
2026-03-30,0.02541421481032199
2026-03-31,-0.015233402234507344
2026-04-01,-0.017079737554831016
2026-04-02,0.067057623856693
2026-04-06,0.00625491362761591
2026-04-07,-0.0049605129060396255
2026-04-08,-0.06267430806129386
2026-04-09,0.019999988848182097
2026-04-10,0.004289154771068717
2026-04-13,0.03030308685607554
2026-04-14,0.05428346043550545
2026-04-15,0.041939736621540866
2026-04-16,0.014016198914969781
2026-04-17,0.0382774892682707
2026-04-20,-0.008704535806707698
2026-04-21,-0.011708025931464774
2026-04-22,0.04895467110741049
2026-04-23,-0.016442426930308382
2026-04-24,0.05639988776193133
2026-04-27,0.0012787512767344152
2026-04-28,-0.030332029358030674
2026-04-29,0.018439259601977835
2026-04-30,0.027158082986334674
2026-05-01,0.027699171645445067
2026-05-04,-0.005972474925172797
2026-05-05,0.03820664582238695
2026-05-06,0.062027079025369324
2026-05-07,-0.003213710807056188
2026-05-08,0.06924594573851808
2026-05-11,0.008914503511456657
2026-05-12,-0.02598754447602967
2026-05-13,0.030416256443324605
2026-05-14,0.02213876303183577
2026-05-15,-0.04572514546418021
2026-05-18,-0.013538592082238832
2026-05-19,-0.018702951179424325
2026-05-20,0.049088184045459414
2026-05-21,0.005750862394483234
2026-05-22,0.01156594159828541
2026-05-26,0.05280057670504196
2026-05-27,-0.0034166380897059957
2026-05-28,0.02461119132289519
2026-05-29,0.010516307866582825
2026-06-01,0.017502370232270102
2026-06-02,0.013714580480572907
2026-06-03,-0.007567176776736898
2026-06-04,-0.015480502766502034
2026-06-05,-0.14280685448350847
2026-06-08,0.044079362994049395
2026-06-09,-0.033433872437222886
2026-06-10,-0.06036358747860962
2026-06-11,0.09730054644808743
2026-06-12,0.01986569880955507
2026-06-15,0.0912022459496358
2026-06-16,-0.05508913017733827
2026-06-17,-0.02990121328648147
2026-06-18,0.06873872285299294
2026-06-22,-0.003499405046698874
2026-06-23,-0.09857106107919374
2026-06-24,-0.013047189367150347
2026-06-25,0.02251014771881113
2026-06-26,-0.04162768838192293
2026-06-29,0.07462063864286639
2026-06-30,0.04935869203380141
2026-07-01,-0.043703715006510414
2026-07-02,-0.053059652193766134
2026-07-06,0.04185412077284988
2026-07-07,-0.05482851233192519
2026-07-08,0.006783854921730317
2026-07-09,0.049779910016790545
2026-07-10,0.009038544334639612
2026-07-13,-0.05699077579147417
2026-07-14,0.0327642796450399
2026-07-15,-0.007731194716252512
2026-07-16,-0.049704519831915546
2026-07-17,-0.04537742693538731
2026-07-20,0.0017770287094810565
2026-07-21,0.05498893032958871
2026-07-22,-0.015272578469073374
2026-07-23,-0.056630560567276104
2026-07-24,-0.034690843829408124
2026-07-27,-0.00937497615814209
2026-07-28,-0.02902208372718778
2026-07-29,-0.061890859134126945
2026-07-30,0.09610388289282332
2026-07-31,0.02085313626273562
2026-08-03,0.05168672540898783
2026-08-04,0.10094174077054865
2026-08-05,-0.026463557404566032
2026-08-06,-0.011120230633130846
2026-08-07,0.03387480886793468
2026-08-10,-0.008996886772697525
2026-08-11,-0.010027174289479066
2026-08-12,0.021078578798093592
2026-08-13,0.034182347237479024
2026-08-14,-0.004666242426849535
2026-08-17,-0.005078778291426971
2026-08-18,-0.050654485200123306
2026-08-19,-0.006480094148812852
2026-08-20,-0.021926092911333007
2026-08-21,0.009789937275078738
2026-08-24,-0.03034981155384303
2026-08-25,0.018258143281152522
2026-08-26,0.002846230072453737
2026-08-27,0.04015895816705721
2026-08-28,-0.019781780590279883
2026-08-31,0.0009742476869979505
2026-09-01,-0.03851497098984183
2026-09-02,0.006507547914858386
2026-09-03,0.03491379825359209
2026-09-04,0.0047203106073476905
2026-09-08,-0.0029017421100287896
2026-09-09,-0.008453444836393056
2026-09-10,-0.032704456568540534
2026-09-11,0.02557440103850601
2026-09-14,-0.024091386770836883
2026-09-15,-0.01977761200490299
