date,returns
2020-01-02,0.0
2020-01-03,0.0008265018029511874
2020-01-06,-0.00035341150471760694
2020-01-07,0.0
2020-01-08,-0.0004725747704854848
2020-01-09,0.00011814690061297392
2020-01-10,0.00023626588714366123
2020-01-13,-0.00011789451346302712
2020-01-14,0.00011790841421815456
2020-01-15,0.0004718938427274559
2020-01-16,0.0
2020-01-17,0.00035456885111590815
2020-01-21,0.0002359098056757396
2020-01-22,0.00023585416536542044
2020-01-23,0.00035364526373431946
2020-01-24,0.0003533100644712051
2020-01-27,0.001060711415164675
2020-01-28,-0.00047065959505434885
2020-01-29,0.0009415524591601096
2020-01-30,0.00011821269537217751
2020-01-31,0.0012943127221470006
2020-02-03,-0.00029411977273591407
2020-02-04,-0.0010596875231485775
2020-02-05,-0.0007074525007790369
2020-02-06,0.00023626434064720687
2020-02-07,0.0005892096458288627
2020-02-10,0.00047109014580512683
2020-02-11,-0.00047086832437754077
2020-02-12,-0.00047140476522574467
2020-02-13,0.00023576108494166565
2020-02-14,0.0004718306209890988
2020-02-18,0.000353443955384909
2020-02-19,0.00011759834003968786
2020-02-20,0.0002357978187758572
2020-02-21,0.0008240500662016572
2020-02-24,0.0016458009411037555
2020-02-25,0.0010567617229637113
2020-02-26,0.0007036945005335132
2020-02-27,0.0011719646605653142
2020-02-28,0.0036289105254662026
2020-03-02,-0.00040879194452474226
2020-03-03,0.0039736658163045365
2020-03-04,0.00011588045399892582
2020-03-05,0.0020954344977314374
2020-03-06,0.0011609963053765093
2020-03-09,0.005453221436633678
2020-03-10,-0.004384328492145847
2020-03-11,-0.0011597785223727345
2020-03-12,-0.00023152375944258567
2020-03-13,0.0012760996469708648
2020-03-16,0.0016229934720717685
2020-03-17,-0.0023142174514829456
2020-03-18,-0.0012755658267945937
2020-03-19,0.0017414981322584787
2020-03-20,0.0026668021363681843
2020-03-23,0.001155760814035454
2020-03-24,-0.0013853940094027356
2020-03-25,0.0011559253328771995
2020-03-26,0.0011557201473358372
2020-03-27,-0.00023136947551534575
2020-03-30,0.00046171764709261495
2020-03-31,-0.00023018834533337476
2020-04-01,0.0006467269116133734
2020-04-02,0.00023070748381870388
2020-04-03,-0.00023065427015240498
2020-04-06,-0.0006925324158875976
2020-04-07,-0.00023138017763146493
2020-04-08,0.0005776610441743996
2020-04-09,0.00034674511732226646
2020-04-13,0.00011520000524754472
2020-04-14,0.0
2020-04-15,0.0003467899588320147
2020-04-16,0.00023039605173492633
2020-04-17,-0.0003462826237714572
2020-04-20,0.0
2020-04-21,0.00023093505130979312
2020-04-22,-0.00034611773493343047
2020-04-23,-0.0001154808362779922
2020-04-24,0.0
2020-04-27,0.0
2020-04-28,0.0003467899588320147
2020-04-29,-0.00011596635418583219
2020-04-30,0.001731603062194682
2020-05-01,-0.0014762886100252823
2020-05-04,0.0
2020-05-05,-0.00011502862860779407
2020-05-06,0.0003462524422065746
2020-05-07,0.0006924699980870542
2020-05-08,-0.00023076594029803701
2020-05-11,-0.0003461776288388279
2020-05-12,0.00023171829199351352
2020-05-13,0.0
2020-05-14,-0.00023166461106552207
2020-05-15,0.0005771966469144657
2020-05-18,-0.0008074249529718457
2020-05-19,0.0005771249977980146
2020-05-20,0.0
2020-05-21,-0.0002307168466595855
2020-05-22,0.0
2020-05-26,0.0
2020-05-27,-0.00023066770673606013
2020-05-28,0.0004615442592987804
2020-05-29,0.0
2020-06-01,-0.00011484662908254432
2020-06-02,0.0
2020-06-03,-0.000809342013951271
2020-06-04,0.00023134006241263915
2020-06-05,-0.0003463152558681794
2020-06-08,-0.00023177654363997787
2020-06-09,0.00034692550212982534
2020-06-10,0.0005782477025052859
2020-06-11,-0.0004619007641380697
2020-06-12,0.0003466624925115165
2020-06-15,-0.0002313354579192712
2020-06-16,-0.00011523355896234894
2020-06-17,0.0003466624925115165
2020-06-18,-0.00011541171362329289
2020-06-19,0.00023085007004876017
2020-06-22,-0.00023079679059348463
2020-06-23,0.00023085007004876017
2020-06-24,0.0001155007896137758
2020-06-25,0.0
2020-06-26,0.0003466671171496305
2020-06-29,0.0002307925107779079
2020-06-30,-0.00011562543743251772
2020-07-01,-0.00033463619723928206
2020-07-02,0.0004621982249950248
2020-07-06,-0.000346667586202098
2020-07-07,0.0002314307054398908
2020-07-08,0.0
2020-07-09,0.0002308654876972027
2020-07-10,-0.0003465252328072534
2020-07-13,0.0
2020-07-14,0.00011575314306627927
2020-07-15,0.00011533040985582778
2020-07-16,0.0
2020-07-17,0.0002307365427643834
2020-07-20,-0.00023068331569364682
2020-07-21,0.0002307365427643834
2020-07-22,-0.00011518820996498729
2020-07-23,0.0
2020-07-24,0.00011520147981723275
2020-07-27,-0.0003459738242465249
2020-07-28,0.0002308654876972027
2020-07-29,0.00023081220112582335
2020-07-30,0.00034664984253975577
2020-07-31,0.00011523723584010962
2020-08-03,0.0
2020-08-04,0.00011563291589612136
2020-08-05,-0.00023093240979451922
2020-08-06,0.0
2020-08-07,-0.000115953006925278
2020-08-10,-0.00023080801211614233
2020-08-11,-0.0002308612967531205
2020-08-12,-0.00023101691641320968
2020-08-13,-0.00011553514878041343
2020-08-14,0.00011554849869340132
2020-08-17,0.00011543281472480633
2020-08-18,0.00011562413601655001
2020-08-19,0.0
2020-08-20,0.0
2020-08-21,-0.00011561076862131396
2020-08-24,-0.00011541949152802514
2020-08-25,0.00011543281472480633
2020-08-26,0.0
2020-08-27,-0.00011541949152802514
2020-08-28,0.00034650311228563317
2020-08-31,0.00034638308946708974
2020-09-01,-0.00024267054175968356
2020-09-02,0.00011599460205719598
2020-09-03,-0.00011598114886998666
2020-09-04,-0.0003466540620562938
2020-09-08,0.00011572785556181321
2020-09-09,0.00011581677581442879
2020-09-10,-0.00011580336384220012
2020-09-11,0.00023101968179238533
2020-09-14,-0.00011517629798624574
2020-09-15,0.0001151895650939199
2020-09-16,0.00011599460205719598
2020-09-17,-0.00023114408857686936
2020-09-18,0.0001151895650939199
2020-09-21,-0.00011517629798624574
2020-09-22,0.0002311975285188801
2020-09-23,0.0
2020-09-24,-0.00011598114886998666
2020-09-25,0.00011599460205719598
2020-09-28,0.00011546976814304669
2020-09-29,-0.00011545643641510322
2020-09-30,0.00011546976814304669
2020-10-01,-0.00023162872318884746
2020-10-02,0.0001159946257869146
2020-10-05,-0.00034702303228582426
2020-10-06,0.0
2020-10-07,-0.00011571449969183725
2020-10-08,0.0
2020-10-09,0.0
2020-10-12,0.00023176275270709638
2020-10-13,-0.00011600797529255185
2020-10-14,0.0
2020-10-15,0.0002311220643712293
2020-10-16,-0.00011507403351876448
2020-10-19,0.0
2020-10-20,-0.00011600797529255185
2020-10-21,0.0
2020-10-22,-0.00034683656406306654
2020-10-23,0.00011534525896187629
2020-10-26,0.00011584363279082969
2020-10-27,0.0
2020-10-28,0.0
2020-10-29,0.00023176275270709638
2020-10-30,-0.00011600797529255185
2020-11-02,-1.1356595460472091e-05
2020-11-03,-0.00023184087899000863
2020-11-04,0.0002318946416475613
2020-11-05,-0.00023184087899000863
2020-11-06,0.00011676601329208624
2020-11-09,-0.00034810832492566116
2020-11-10,-0.00011587179502402292
2020-11-11,-0.00023156570149563598
2020-11-12,0.00011601445992760206
2020-11-13,0.0
2020-11-16,0.00023149008457629995
2020-11-17,-0.00011587179502402292
2020-11-18,0.0
2020-11-19,0.00023177044570562327
2020-11-20,0.00011555132515569748
2020-11-23,0.0
2020-11-24,0.00011676601329208624
2020-11-25,0.0001151151868140414
2020-11-27,0.0
2020-11-30,0.00023122700199356555
2020-12-01,-0.0005436669955263827
2020-12-02,0.00023181102233266367
2020-12-03,0.00023114337181800554
2020-12-04,-0.00011569842463961117
2020-12-07,0.00023213978969096761
2020-12-08,-0.00023208591331586023
2020-12-09,-0.00011540488442988605
2020-12-10,0.00023114337181800554
2020-12-11,0.0005790036104864715
2020-12-14,-0.00011614266490571485
2020-12-15,0.0
2020-12-16,0.0
2020-12-17,2.3722031775661564e-05
2020-12-18,-0.00011564216163931711
2020-12-21,0.0
2020-12-22,0.0
2020-12-23,0.00023151559166498877
2020-12-24,-0.00023146200460204535
2020-12-28,0.00011565553629553988
2020-12-29,0.0
2020-12-30,0.0001158466570621983
2020-12-31,-0.00011583323816877976
2021-01-04,0.0001158466570621983
2021-01-05,0.0
2021-01-06,-0.0005792684267116559
2021-01-07,0.0002316984560699216
2021-01-08,-0.00011566898502357663
2021-01-11,-0.00011598921566230814
2021-01-12,0.0
2021-01-13,-0.00011538889997654373
2021-01-14,0.00011540221611131567
2021-01-15,0.00011600267072109981
2021-01-19,0.00034766079721004
2021-01-20,-0.00011564216163931711
2021-01-21,0.00011565553629553988
2021-01-22,0.0
2021-01-25,0.0001158466570621983
2021-01-26,-0.00011583323816877976
2021-01-27,0.0
2021-01-28,-0.00011564216163931711
2021-01-29,0.00034696660888661966
2021-02-01,0.00011622876601646707
2021-02-02,-0.0003477258656835762
2021-02-03,0.00011564219711176711
2021-02-04,0.0
2021-02-05,0.00023217777436082614
2021-02-08,-0.00011590862189452541
2021-02-09,-0.00023184411652109113
2021-02-10,0.00011564219711176711
2021-02-11,0.0
2021-02-12,0.00011624224106044003
2021-02-16,-0.0003476639507443699
2021-02-17,0.00023151571003843528
2021-02-18,0.0
2021-02-19,0.00011624224106044003
2021-02-22,-0.00023184411652109113
2021-02-23,0.00011564219711176711
2021-02-24,-0.0002314621229207003
2021-02-25,-0.0015053634131960273
2021-02-26,0.0012758706116856352
2021-03-01,-9.297548239597716e-05
2021-03-02,0.00023179541609732215
2021-03-03,-0.0005791497104558255
2021-03-04,0.0
2021-03-05,0.0
2021-03-08,-0.00034781398551951835
2021-03-09,0.0
2021-03-10,0.00034793500217932807
2021-03-11,0.0
2021-03-12,-0.00011614265182837697
2021-03-15,0.00011615614251079433
2021-03-16,0.0
2021-03-17,0.0002315690053635393
2021-03-18,-0.00011601345837960913
2021-03-19,0.0
2021-03-22,-0.00011551533652820037
2021-03-23,0.00011552868186276441
2021-03-24,0.0002320538381275097
2021-03-25,0.00011610229358802323
2021-03-26,0.0
2021-03-29,-0.00023207534992595374
2021-03-30,0.0
2021-03-31,-0.00034763115659075115
2021-04-01,-1.125742350324879e-05
2021-04-05,-0.00023190553482574337
2021-04-06,0.00023195932747763987
2021-04-07,0.00011595276741287168
2021-04-08,0.000347408653780722
2021-04-09,-0.0003472880029231523
2021-04-12,-0.00023218563635595235
2021-04-13,0.0003480011021399611
2021-04-14,0.0
2021-04-15,0.000231647179245395
2021-04-16,-0.00011559217770343507
2021-04-19,-0.0001160147639529238
2021-04-20,0.000231647179245395
2021-04-21,0.00023200270710742543
2021-04-22,-0.00011587217693241656
2021-04-23,-0.00023166892761220523
2021-04-26,-0.00023172261054089276
2021-04-27,-0.00011593932392741032
2021-04-28,0.00023170085209421137
2021-04-29,0.000231647179245395
2021-04-30,0.00011610364751628213
2021-05-03,-9.287213521937411e-05
2021-05-04,0.0
2021-05-05,0.00023199731996041315
2021-05-06,0.0
2021-05-07,0.0003477107288088463
2021-05-10,-0.0003475898680824888
2021-05-11,-0.00011597175484389169
2021-05-12,-0.00011598520585175025
2021-05-13,0.00023199731996041315
2021-05-14,0.0
2021-05-17,0.0
2021-05-18,0.00011586948698247732
2021-05-19,-0.0003477727004258758
2021-05-20,0.0004636877651589739
2021-05-21,-0.00023158306296564555
2021-05-24,0.00023163670610354026
2021-05-25,0.0
2021-05-26,0.0002317875513214651
2021-05-27,0.0
2021-05-28,0.0
2021-06-01,-0.00020822312687350983
2021-06-02,0.00011543096236705246
2021-06-03,-0.0003474796784703779
2021-06-04,0.00034760046256734694
2021-06-07,-0.00011541763959783956
2021-06-08,0.00023167985892271116
2021-06-09,-0.0002316261957983458
2021-06-10,0.00034731530483691515
2021-06-11,-0.00023180383345078537
2021-06-14,-0.0003474796784703779
2021-06-15,-0.00011566228983926726
2021-06-16,-0.0009274508999740931
2021-06-17,0.0
2021-06-18,-0.0008127335559657499
2021-06-21,0.00023267655909175203
2021-06-22,0.0005805829819327861
2021-06-23,-0.000696336270018772
2021-06-24,0.00011617106322236197
2021-06-25,-0.0001161575690740613
2021-06-28,0.0003482058588120003
2021-06-29,-0.00011572099402080888
2021-06-30,0.00023208329270680813
2021-07-01,-0.00019762437075069203
2021-07-02,0.0004645602777201971
2021-07-06,0.00034836078999177776
2021-07-07,0.00011563638231680255
2021-07-08,0.00046412918835408187
2021-07-09,-0.0003480376780701592
2021-07-12,-0.0002315261471082149
2021-07-13,-0.0008124223355868101
2021-07-14,0.000697250081728197
2021-07-15,0.00011575211239929259
2021-07-16,-0.00011573871539849883
2021-07-19,0.00046372486408593697
2021-07-20,0.0004637145179880416
2021-07-21,-0.000347241252097149
2021-07-22,0.00011548043337996192
2021-07-23,0.0001159784680962564
2021-07-26,-0.00023141872769603583
2021-07-27,0.00023147229471997684
2021-07-28,0.00011586275672983146
2021-07-29,0.0
2021-07-30,0.00023180091828746668
2021-08-02,0.0003709795259987747
2021-08-03,0.0
2021-08-04,-0.00034784954587444716
2021-08-05,-0.0004634837375884698
2021-08-06,-0.0003482342122062586
2021-08-09,-0.00034743475802386555
2021-08-10,-0.00034816956656163924
2021-08-11,0.0004646949092104497
2021-08-12,0.0
2021-08-13,0.00011542903478200183
2021-08-16,0.00023216157053772466
2021-08-17,-0.00023210768405326098
2021-08-18,0.0
2021-08-19,0.0
2021-08-20,0.0
2021-08-23,0.0
2021-08-24,-0.00011541571245771415
2021-08-25,-0.00011635001112334759
2021-08-26,0.0
2021-08-27,0.0006960321052868044
2021-08-30,0.00023215614147083905
2021-08-31,-0.00011605112875315486
2021-09-01,-8.109182938974461e-05
2021-09-02,0.0
2021-09-03,0.0
2021-09-07,-0.0003482220325039956
2021-09-08,0.00023233119236030383
2021-09-09,0.0002317658285526091
2021-09-10,-0.0003482839804911888
2021-09-13,0.0002326111884549564
2021-09-14,0.00011576720728179824
2021-09-15,0.0
2021-09-16,-0.0003482839804911888
2021-09-17,-0.00023097452222132432
2021-09-20,0.0002310278837763994
2021-09-21,0.0002326111884549564
2021-09-22,-0.0005798587149185478
2021-09-23,-0.0005801951461303848
2021-09-24,-0.0003485239539571598
2021-09-27,-0.00011614687355968659
2021-09-28,0.00011616036522293878
2021-09-29,0.0003486454652532391
2021-09-30,0.0002323151737746168
2021-10-01,0.00047578234104360726
2021-10-04,-0.00046419921134221716
2021-10-05,-0.00011607810766889365
2021-10-06,-0.00011588683629960637
2021-10-07,-0.0003486222714036157
2021-10-08,-0.0003483341668703993
2021-10-11,-0.0008134044629358461
2021-10-12,0.0004655324968855978
2021-10-13,-0.000349191892885515
2021-10-14,0.0
2021-10-15,-0.0005816429665698321
2021-10-18,-0.0006978032738483912
2021-10-19,0.00034945325041312785
2021-10-20,0.0003487154331208851
2021-10-21,-0.0011630396523991783
2021-10-22,-0.00023314581699429644
2021-10-25,0.0004664003732846688
2021-10-26,-0.00023309147269246118
2021-10-27,-0.00023314581699429644
2021-10-28,0.00011649736196141288
2021-10-29,0.00011668923069337645
2021-11-01,-0.00045437757461795923
2021-11-02,0.0010487083193416503
2021-11-03,-0.00023239156582850366
2021-11-04,0.0009309117103087357
2021-11-05,0.00046609999547645033
2021-11-08,-0.0011633742672520961
2021-11-09,0.0005825186113413243
2021-11-10,-0.0019783843683321856
2021-11-11,-0.0006994862964415729
2021-11-12,0.000816724291674257
2021-11-15,-0.00011665309824976158
2021-11-16,0.0
2021-11-17,0.0003498973332971512
2021-11-18,-0.00011652314659351671
2021-11-19,-0.00023327898378330827
2021-11-22,-0.0011657419673686816
2021-11-23,0.0
2021-11-24,-0.00023329700952751234
2021-11-26,0.001984671064008498
2021-11-29,0.0004660866728078748
2021-11-30,-0.000815297360716098
2021-12-01,0.00011684502403595661
2021-12-02,-0.0012828845121365395
2021-12-03,0.0005836726001055611
2021-12-06,-0.0008171585401704836
2021-12-07,-0.0012841126511955688
2021-12-08,0.0003506534643181506
2021-12-09,-0.00035053054956659573
2021-12-10,0.0004670914351319943
2021-12-13,0.0005845958980854484
2021-12-14,-0.0005842543453916938
2021-12-15,0.00035090173093324924
2021-12-16,0.0007946315115151557
2021-12-17,-0.0004670591609642241
2021-12-20,0.00023353577903995285
2021-12-21,-0.0005841661843205351
2021-12-22,-0.00011686034252126755
2021-12-23,-0.00011625616433122896
2021-12-27,-0.0003505597834191402
2021-12-28,0.0
2021-12-29,-0.00011723764214291454
2021-12-30,0.0005842993178606836
2021-12-31,-0.00011625616433122896
2022-01-03,-0.0011690818629183546
2022-01-04,0.0005846064763262215
2022-01-05,-0.0012864132543844084
2022-01-06,-0.0008201594342891233
2022-01-07,-0.000234508861925705
2022-01-10,-0.0005860481699783449
2022-01-11,0.00035200044976686946
2022-01-12,-0.00035187658904926167
2022-01-13,0.0004695061783003194
2022-01-14,-0.0012898904589941996
2022-01-18,-0.0015263472546022106
2022-01-19,0.0004702994989445713
2022-01-20,-0.00023503921064928495
2022-01-21,0.0008230377664244297
2022-01-24,0.03980795959543272
2022-01-25,-0.00046993997509649075
2022-01-26,0.048021859781321986
2022-01-27,-0.01921393915663921
2022-01-28,0.12894032020939195
2022-01-31,0.0
2022-02-01,-8.285624451945867e-05
2022-02-02,0.00023593689087446923
2022-02-03,-0.0008239772293213546
2022-02-04,-0.002003063900156246
2022-02-07,0.00023623764925238895
2022-02-08,-0.0010628183439285982
2022-02-09,-0.00011769625043264559
2022-02-10,-0.005081829337833308
2022-02-11,0.0030881247945111906
2022-02-14,0.0012642764217070208
2022-02-15,0.16216239294599033
2022-02-16,0.0013051592496958842
2022-02-17,0.0005924145274064754
2022-02-18,-0.030340027952140688
2022-02-22,0.02847544894456469
2022-02-23,0.07651644976510416
2022-02-24,0.10005993856604421
2022-02-25,0.04606911508942546
2022-02-28,-0.018429783083442088
2022-03-01,-0.10802234326287362
2022-03-02,0.09677388503170042
2022-03-03,-0.06405772612365564
2022-03-04,-0.008099481925575977
2022-03-07,-0.149266420493331
2022-03-08,0.017554367596395698
2022-03-09,0.11915618192430087
2022-03-10,0.04142274290970071
2022-03-11,-0.011673215425598606
2022-03-14,-0.09058316193466297
2022-03-15,0.004085884011702988
2022-03-16,-0.02889319241567243
2022-03-17,0.04799012355979819
2022-03-18,0.004696815360832287
2022-03-21,-0.0033388171779718287
2022-03-22,-0.00071882084304421
2022-03-23,0.0008392099997564604
2022-03-24,-0.00023964847624125007
2022-03-25,-0.002752666899594091
2022-03-28,-0.0009603080762131087
2022-03-29,0.0004807742135809303
2022-03-30,0.000720286237141823
2022-03-31,0.0
2022-04-01,-0.0020883195439456584
2022-04-04,0.0006011322753518196
2022-04-05,-0.0018027365500630445
2022-04-06,0.0007219306026721606
2022-04-07,0.0007227865311139215
2022-04-08,-0.0012028217100958395
2022-04-11,0.00024051499452060223
2022-04-12,0.07598091466981617
2022-04-13,0.013113355448752934
2022-04-14,-0.012943621143898992
2022-04-18,-0.0033911032240045527
2022-04-19,-0.004991078590881557
2022-04-20,0.008506842455747302
2022-04-21,0.08224383374456376
2022-04-22,-0.00888676034458689
2022-04-25,-0.05047540058545261
2022-04-26,0.03543894398704876
2022-04-27,-0.02139986392314514
2022-04-28,0.16537594818635873
2022-04-29,0.13161619261237925
2022-05-02,0.01896843982178445
2022-05-03,-0.01994415213737596
2022-05-04,-0.015364147382295993
2022-05-05,0.07884654819139818
2022-05-06,0.04741376743410474
2022-05-09,-0.026154488711621182
2022-05-10,-0.04733480139607434
2022-05-11,0.096687435400987
2022-05-12,0.013576990168411199
2022-05-13,0.10112705408728541
2022-05-16,0.023736202390004228
2022-05-17,0.15021066735744262
2022-05-18,-0.030759853098632117
2022-05-19,0.021157474854251665
2022-05-20,0.02437526955981904
2022-05-23,-0.0677657581636397
2022-05-24,-0.0017221263773158598
2022-05-25,0.057067927352790634
2022-05-26,0.11639427535885584
2022-05-27,0.006197189623748224
2022-05-31,-0.015835291373764486
2022-06-01,0.022299816418155326
2022-06-02,-0.0008985158153179748
2022-06-03,0.007194245845793265
2022-06-06,-0.0008357246373955282
2022-06-07,0.02427789269650595
2022-06-08,-0.034802208187928146
2022-06-09,0.001960795246764681
2022-06-10,0.10931787051143728
2022-06-13,0.17361771156859077
2022-06-14,-0.020165053178898548
2022-06-15,-0.05482469573363775
2022-06-16,0.18579341261982366
2022-06-17,0.009579932680967056
2022-06-21,0.08029219276609682
2022-06-22,0.033173204708668885
2022-06-23,-0.026732968147086
2022-06-24,0.12847978727323642
2022-06-27,-0.0006324088788741794
2022-06-28,-0.01318053577318412
2022-06-29,0.0023112873507556988
2022-06-30,0.039733590669187926
2022-07-01,0.11053985425034166
2022-07-05,0.021551794876133033
2022-07-06,0.02025328594093517
2022-07-07,0.13399478949464202
2022-07-08,0.03498945017377166
2022-07-11,-0.05033620938325096
2022-07-12,0.01697649734223783
2022-07-13,0.024672116456130235
2022-07-14,0.0586907967568183
2022-07-15,-0.00010938216296409537
2022-07-18,-0.012574305593033203
2022-07-19,0.1360586807267637
2022-07-20,0.006493521067489611
2022-07-21,0.05322580319216286
2022-07-22,0.00115291425494683
2022-07-25,0.039539342321233975
2022-07-26,-0.00036916943713116544
2022-07-27,0.12477115445373457
2022-07-28,0.034169602247216206
2022-07-29,0.023747978649677193
2022-08-01,0.06917332937627006
2022-08-02,-0.006975922713097541
2022-08-03,0.0463724994262549
2022-08-04,0.028421176357607995
2022-08-05,0.015011953227747057
2022-08-08,0.0462248231059342
2022-08-09,-0.010309412169690245
2022-08-10,0.0025256193482696425
2022-08-11,-0.006528969659882426
2022-08-12,0.09201193703340887
2022-08-15,0.008333440851441654
2022-08-16,0.011923844006351141
2022-08-17,-0.0008476938466055637
2022-08-18,0.004065023230360097
2022-08-19,0.048270217339350135
2022-08-22,0.11283040968839618
2022-08-23,0.07256952909502958
2022-08-24,-0.008995392378057814
2022-08-25,-0.05185564416467044
2022-08-26,0.12225190677288235
2022-08-29,0.03030332714564895
2022-08-30,0.03185016610686084
2022-08-31,0.029751498666933777
2022-09-01,-0.014537633931590478
2022-09-02,0.030844696035110364
2022-09-06,-0.020581720090249386
2022-09-07,0.0473650298934624
2022-09-08,-0.05173078399123583
2022-09-09,0.073260178066058
2022-09-12,0.024563787756174002
2022-09-13,-0.006099701192843786
2022-09-14,-0.009734445488908935
2022-09-15,0.04863265574118663
2022-09-16,-0.014900139956955934
2022-09-19,-0.024429938156977617
2022-09-20,0.024206697395100868
2022-09-21,0.05501240927118767
2022-09-22,0.08568344131778823
2022-09-23,0.04806273703385967
2022-09-26,0.04396817386709152
2022-09-27,-0.0007023083852964872
2022-09-28,-0.03861239659509594
2022-09-29,0.09534673799921044
2022-09-30,-0.046286109071521475
2022-10-03,0.08985106574439211
2022-10-04,0.019474299494721785
2022-10-05,0.03181918522560196
2022-10-06,0.016738142405140967
2022-10-07,0.027734473879568865
2022-10-10,0.1031481932465943
2022-10-11,0.020379581975576024
2022-10-12,-0.009210153291725068
2022-10-13,0.07758318929929606
2022-10-14,0.1333708927958
2022-10-17,-0.059962387742219646
2022-10-18,0.009549859531258465
2022-10-19,0.022973031469068716
2022-10-20,0.017172980259500172
2022-10-21,0.11428586853003483
2022-10-24,0.027039422213107678
2022-10-25,0.05752219944930545
2022-10-26,-0.04299318465482274
2022-10-27,-0.03320243614316363
2022-10-28,0.022218149944243246
2022-10-31,0.025581499124635688
2022-11-01,-0.03113259310011546
2022-11-02,0.012711265675125243
2022-11-03,0.03611819298225511
2022-11-04,0.02351971851682954
2022-11-07,-0.03173801184572562
2022-11-08,-0.021852433977748123
2022-11-09,-0.07659219112518073
2022-11-10,0.02817762202950838
2022-11-11,0.01227388849548622
2022-11-14,0.006736303326886672
2022-11-15,0.0035703744183525525
2022-11-16,-0.038486375134970253
2022-11-17,-0.00840893928612542
2022-11-18,-0.00033919978383545427
2022-11-21,0.00010908259171155917
2022-11-22,0.00021843750752637142
2022-11-23,0.03255821041868193
2022-11-25,-0.0006755648294171336
2022-11-28,0.0023662867819819163
2022-11-29,0.0003272308447379909
2022-11-30,0.0
2022-12-01,0.0021532961499828585
2022-12-02,-0.0002454368336786004
2022-12-05,-0.002825625442106209
2022-12-06,0.0003281636145511828
2022-12-07,0.005306153858202245
2022-12-08,0.0006560133721481969
2022-12-09,-0.00010911616301875971
2022-12-12,0.00852885060389553
2022-12-13,0.0
2022-12-14,0.00012222370145337132
2022-12-15,-0.0041555972990596456
2022-12-16,0.025955465671691803
2022-12-19,0.038365091512533006
2022-12-20,0.003452543345738992
2022-12-21,0.05008719878178739
2022-12-22,0.002320258008715823
2022-12-23,-0.042824019226548216
2022-12-27,0.05547125123626427
2022-12-28,0.04156718310349829
2022-12-29,0.050971987905267135
2022-12-30,0.0
2023-01-03,0.00920526658157162
2023-01-04,0.07585461430603659
2023-01-05,-0.010536609237009179
2023-01-06,0.013517878385590598
2023-01-09,-0.015870178505528423
2023-01-10,0.050757848370668046
2023-01-11,-0.04788671277350513
2023-01-12,0.00220529609979551
2023-01-13,-0.0017116923496731397
2023-01-17,0.000612412533609986
2023-01-18,0.002203293186611779
2023-01-19,0.00043650582192584055
2023-01-20,-0.05463943729919306
2023-01-23,-0.0009781402977319545
2023-01-24,0.00036702868880597627
2023-01-25,0.0006118447395557836
2023-01-26,-0.000611470614476923
2023-01-27,0.0
2023-01-30,-0.0009782067288237077
2023-01-31,0.0018367989488546554
2023-02-01,0.001739447350965531
2023-02-02,0.00012205188967103514
2023-02-03,-0.003667795349690111
2023-02-06,-0.0028219766745707577
2023-02-07,0.0004923996353892852
2023-02-08,0.000368744317771768
2023-02-09,-0.0007376436681636536
2023-02-10,-0.0004919118625517516
2023-02-13,0.0002459701288404784
2023-02-14,-0.0020922616230762804
2023-02-15,0.00012374785582218675
2023-02-16,0.0001231973688210258
2023-02-17,0.0008625964173566814
2023-02-21,-0.0019709273249419934
2023-02-22,0.0004939191693243839
2023-02-23,0.0006170406230546809
2023-02-24,-0.0020959166547783186
2023-02-27,0.0008649443781242965
2023-02-28,-0.0002470970913693465
2023-03-01,-0.0018309639661404035
2023-03-02,0.00037195418220278695
2023-03-03,0.0006192280119045485
2023-03-06,-0.0004953762027193558
2023-03-07,-0.0021056947129032295
2023-03-08,-0.0004966675521646123
2023-03-09,0.0032294052780955677
2023-03-10,0.00544749727673402
2023-03-13,0.014646472442006106
2023-03-14,0.08559192374879468
2023-03-15,0.005874339433679581
2023-03-16,-0.0065703271823429645
2023-03-17,0.0050081562581157785
2023-03-20,-0.001215393993729696
2023-03-21,-0.003772390562877024
2023-03-22,0.004641881321840844
2023-03-23,0.0029184514815473388
2023-03-24,0.0004845204995865348
2023-03-27,-0.004241201860379958
2023-03-28,-0.0010955230524260127
2023-03-29,-0.0003652933914931919
2023-03-30,0.00012194973875831938
2023-03-31,0.0012188208317541623
2023-04-03,0.0012193405291014217
2023-04-04,0.0023149154973171686
2023-04-05,0.0013373456504745013
2023-04-06,-0.00036421489497263823
2023-04-10,-0.0035217118521716577
2023-04-11,-0.0001217730792377216
2023-04-12,0.0010967233047170374
2023-04-13,0.0006086933918565791
2023-04-14,-0.002311396434936299
2023-04-17,-0.0014635054471118247
2023-04-18,-0.00024418709608968096
2023-04-19,-0.0008552331737968129
2023-04-20,0.002445192173651765
2023-04-21,-0.0006099123782059804
2023-04-24,0.001098512277006122
2023-04-25,0.00390111403044829
2023-04-26,-0.0012142820478665197
2023-04-27,-0.001945864913570072
2023-04-28,0.001096400012888913
2023-05-01,-0.0021827198766039063
2023-05-02,0.0032999532478512196
2023-05-03,0.002436879688666109
2023-05-04,0.0015798644375062103
2023-05-05,-0.0024267026240180666
2023-05-08,-0.001581629142007365
2023-05-09,-0.0002434463087414036
2023-05-10,0.0024372628920813076
2023-05-11,0.0006076508016618767
2023-05-12,-0.0017004099571162245
2023-05-15,0.00012101251687143286
2023-05-16,-0.001216695020187126
2023-05-17,-0.0010962964114837313
2023-05-18,-0.0018295867336554446
2023-05-19,-0.0007329021206320008
2023-05-22,-0.0003668780125862675
2023-05-23,-0.00012216173094944244
2023-05-24,-0.001223560175010147
2023-05-25,-0.002204831742140322
2023-05-26,-0.00024540500825251095
2023-05-30,0.0019644632401497274
2023-05-31,0.0009801473137949974
2023-06-01,0.0015589502273068742
2023-06-02,-0.002818293544026797
2023-06-05,0.0002455823716892896
2023-06-06,-0.000491572610643736
2023-06-07,-0.0007373514564092369
2023-06-08,0.0015992851524474418
2023-06-09,-0.0018421630941916288
2023-06-12,0.0008610721708672029
2023-06-13,-0.0018440808832044387
2023-06-14,-0.0006153701406896342
2023-06-15,0.0020949038072332277
2023-06-16,-0.0013530220666695303
2023-06-20,0.0003699393551592609
2023-06-21,0.0
2023-06-22,-0.0011080309528547286
2023-06-23,0.0008624515420972828
2023-06-26,0.0007388341504291753
2023-06-27,-0.001476683202921739
2023-06-28,0.0011091237646647775
2023-06-29,-0.002461235852976418
2023-06-30,0.00036992643505981236
2023-07-03,-0.001162317279086767
2023-07-05,-0.0002475215181716382
2023-07-06,-0.0006191695180306691
2023-07-07,0.0011152381574126389
2023-07-10,0.001484761283203346
2023-07-11,-0.00012354666962188888
2023-07-12,0.002966653126116963
2023-07-13,0.002834258681463777
2023-07-14,-0.002580762720094803
2023-07-17,0.00036928695478238236
2023-07-18,0.0
2023-07-19,0.0003699960960708972
2023-07-20,-0.0012312795069980096
2023-07-21,0.00012343840370767923
2023-07-24,-0.0012325395083696666
2023-07-25,-0.00012336369703951482
2023-07-26,0.0009872431494517952
2023-07-27,-0.0014792983923236453
2023-07-28,0.0013583679918489444
2023-07-31,0.0002463331490772665
2023-08-01,-0.0008406904769561736
2023-08-02,0.0004950769174410537
2023-08-03,0.00037059483433977026
2023-08-04,0.0019776424323044903
2023-08-07,0.0003704653885663549
2023-08-08,0.0004929618118705331
2023-08-09,-0.0006161359908439302
2023-08-10,-0.0004931282389907168
2023-08-11,-0.0009873766795567725
2023-08-14,-0.000864676353649246
2023-08-15,0.0003708207156427201
2023-08-16,-0.0004937860583329596
2023-08-17,0.0011124933511222226
2023-08-18,0.0003701371801106332
2023-08-21,-0.0011110572275825768
2023-08-22,-0.000493952884933411
2023-08-23,0.0018545615282137275
2023-08-24,-0.0006169724135905893
2023-08-25,-0.0006177760758842521
2023-08-28,0.0006181579590824908
2023-08-29,0.0022224084769235535
2023-08-30,0.0
2023-08-31,0.0009861444126287229
2023-09-01,-0.0005432094343131155
2023-09-05,-0.0012343754265895007
2023-09-06,-0.0011130496896579784
2023-09-07,0.001856551176454988
2023-09-08,-0.0004942050607188817
2023-09-11,0.00024722471006228836
2023-09-12,-0.0004939052493098038
2023-09-13,0.0008648140676140219
2023-09-14,-0.00024686116711446503
2023-09-15,-0.000494371631190114
2023-09-18,-0.0001230472449711298
2023-09-19,-0.0007420683072240893
2023-09-20,-0.0006186206396856389
2023-09-21,0.0004955621872417626
2023-09-22,0.00098926021504922
2023-09-25,-0.00037061914608799986
2023-09-26,0.00012340957102980905
2023-09-27,-0.0007412105016713653
2023-09-28,0.0017316543198400282
2023-09-29,0.00012348330913756453
2023-10-02,-0.0010027167191362
2023-10-03,-0.0007436628233181251
2023-10-04,0.0022326488078703143
2023-10-05,0.0009900076047422565
2023-10-06,-0.0008653209394191116
2023-10-09,0.002970181952754223
2023-10-10,-0.0006172399801726759
2023-10-11,-0.0002466279722166125
2023-10-12,-0.0012352316629822826
2023-10-13,0.0006184323151414846
2023-10-16,-0.0006180500929916024
2023-10-17,-0.002225471957347753
2023-10-18,0.0
2023-10-19,0.0013631847473565676
2023-10-20,0.0016086421999767966
2023-10-23,0.000617868617334597
2023-10-24,-0.0002471840885362728
2023-10-25,-0.0011114991735531976
2023-10-26,-0.01603212464174376
2023-10-27,0.025118972858435864
2023-10-30,-0.03774846693909519
2023-10-31,0.02546452489281684
2023-11-01,0.07046985698844165
2023-11-02,0.0001233088934966617
2023-11-03,0.002716445166127239
2023-11-06,-0.0018469045371807165
2023-11-07,0.0007401706624464578
2023-11-08,-0.00024650618050135064
2023-11-09,-0.0014797158627257554
2023-11-10,0.0002469323504971414
2023-11-13,0.00037067398510175713
2023-11-14,0.0039487930104383185
2023-11-15,-0.001843934810339103
2023-11-16,0.0017240526520472328
2023-11-17,-0.0007371009935883383
2023-11-20,0.00012274926170236614
2023-11-21,0.000614819981837428
2023-11-22,0.00012307634491441028
2023-11-24,-0.0007374277954854388
2023-11-27,0.001230266691485088
2023-11-28,0.0018430281664279682
2023-11-29,0.0019622038080270516
2023-11-30,-0.0006122541668567728
2023-12-01,0.00291152285842347
2023-12-04,-0.0014699406165144136
2023-12-05,0.0012268229988501261
2023-12-06,-0.0002453958460063278
2023-12-07,0.0007354345521863383
2023-12-08,-0.002204060256131685
2023-12-11,0.000245298013189989
2023-12-12,0.000122878604248629
2023-12-13,0.005029926039907687
2023-12-14,0.0017145806108131423
2023-12-15,-0.0011003142900352543
2023-12-18,-0.0001221737887548064
2023-12-19,0.0003670825868683796
2023-12-20,0.0013459574144277838
2023-12-21,0.0009772811518678206
2023-12-22,0.00036630289438002153
2023-12-26,-0.00048808772480996243
2023-12-27,0.0012209181993048256
2023-12-28,-0.00012182975115450153
2023-12-29,0.00048748129109167816
2024-01-02,-0.0012185722883269374
2024-01-03,0.0002438676251927615
2024-01-04,-0.00061003521833701
2024-01-05,-0.00024416303538540515
2024-01-08,0.0008547793293645604
2024-01-09,0.00024401408733480402
2024-01-10,0.0
2024-01-11,0.0023175683103645486
2024-01-12,0.002068716425335245
2024-01-16,-0.001578464666915977
2024-01-17,-0.0019461761180581637
2024-01-18,0.00048728708315896554
2024-01-19,-0.0007309858111038503
2024-01-22,0.00048802326710591505
2024-01-23,-0.0001221519471513919
2024-01-24,-0.00048722780336974894
2024-01-25,0.0018285607756480522
2024-01-26,-0.0006083735158700352
2024-01-29,0.000974051830573143
2024-01-30,-0.0006080488295137027
2024-01-31,0.0018258726618429388
2024-02-01,0.001486642975804191
2024-02-02,-0.003164012328836547
2024-02-05,-0.0019527669299285026
2024-02-06,0.0015899268818868532
2024-02-07,-0.000366078769301331
2024-02-08,-0.0002445187559453055
2024-02-09,-0.00036650801444565895
2024-02-12,0.00012197415896194848
2024-02-13,-0.0031772141394204386
2024-02-14,0.0014712709131535456
2024-02-15,0.0009792002861168435
2024-02-16,-0.0012233689819981172
2024-02-20,0.0006126397912944566
2024-02-21,-0.0008569234409646474
2024-02-22,-0.0001223312313385613
2024-02-23,0.0004899001512784456
2024-02-26,-0.000734232846695025
2024-02-27,0.0
2024-02-28,0.0009799370139169613
2024-02-29,0.0006122086601570402
2024-03-01,0.0019627275283755556
2024-03-04,-0.0009792359247677242
2024-03-05,0.0007352496578775368
2024-03-06,0.0002447661455744082
2024-03-07,0.0012247640259211926
2024-03-08,0.0004894294524895337
2024-03-11,-0.000855826160939212
2024-03-12,-0.0009790128106156274
2024-03-13,-0.0004893696440198013
2024-03-14,-0.0008580240098698974
2024-03-15,-0.0006133859077005446
2024-03-18,0.00012281424361095702
2024-03-19,0.0008588736033267971
2024-03-20,0.0015938878955229008
2024-03-21,0.0
2024-03-22,0.0007341697597632257
2024-03-25,-0.000489121635223817
2024-03-26,0.0002450397920190119
2024-03-27,0.0011007155215359483
2024-03-28,-0.0006111096473822497
2024-04-01,-0.0020856700353472446
2024-04-02,0.0004921827441223327
2024-04-03,0.0007370889732352658
2024-04-04,0.0009821298768713444
2024-04-05,-0.0015945233569055293
2024-04-08,-0.0009829386990609073
2024-04-09,0.0009839058181658137
2024-04-10,-0.004054519401738799
2024-04-11,0.0012336753344049255
2024-04-12,0.000615974604414804
2024-04-15,-0.00036931606412652995
2024-04-16,-0.0006159258441763233
2024-04-17,0.0007393604089299979
2024-04-18,-0.0004925771009834549
2024-04-19,0.00024666751568100636
2024-04-22,0.0004925953097756992
2024-04-23,0.0008620806816089867
2024-04-24,-0.0003692036999374853
2024-04-25,-0.0007385772144041183
2024-04-26,0.0002464430279434262
2024-04-29,0.0004925586982942067
2024-04-30,-0.0012307905091644496
2024-05-01,0.002002705305886266
2024-05-02,0.0014808517061877513
2024-05-03,0.0016014645951776376
2024-05-06,-0.0001233238135823702
2024-05-07,0.0001233390242212007
2024-05-08,-0.00024623757292174
2024-05-09,0.0008610183846958775
2024-05-10,-0.0008602776698062311
2024-05-13,0.00024629822079784425
2024-05-14,0.000983822642518709
2024-05-15,0.0018433280720461791
2024-05-16,-0.0007358110272087543
2024-05-17,-0.0006139001688455638
2024-05-20,-0.00024546523954254617
2024-05-21,0.0004912557902757565
2024-05-22,-0.0007368288768149016
2024-05-23,-0.0004916838754316187
2024-05-24,0.00036907238952240166
2024-05-28,-0.0008601683566001123
2024-05-29,-0.0003691513322611098
2024-05-30,0.0011072476573666889
2024-05-31,0.001352386390375008
2024-06-03,0.00113296856689962
2024-06-04,0.0009836219687153853
2024-06-05,0.000983165824580187
2024-06-06,0.00012268578457253285
2024-06-07,-0.002577513016558
2024-06-10,0.00012298773711049156
2024-06-11,0.001107469068247858
2024-06-12,0.0013519170878643998
2024-06-13,0.0015958412275639
2024-06-14,0.00012237347529470933
2024-06-17,-0.000980089563980263
2024-06-18,0.0013491999766862808
2024-06-20,-0.000367652857552071
2024-06-21,0.00036778807588914525
2024-06-24,0.00012272054973921882
2024-06-25,0.00012219676201982192
2024-06-26,-0.0009794893226711288
2024-06-27,0.0007353372469853311
2024-06-28,0.00012272054973921882
2024-07-01,-0.0008603628806324847
2024-07-02,0.0008605945750260566
2024-07-03,0.0014746033080033528
2024-07-05,0.0018408194577634088
2024-07-08,-0.00012250256515098138
2024-07-09,-0.00024503514773611257
2024-07-10,0.0003676428070136996
2024-07-11,0.0023270416908274584
2024-07-12,0.001465909683006769
2024-07-15,0.0
2024-07-16,0.0003663198313595234
2024-07-17,0.00012179259307135471
2024-07-18,-0.00048791885844759003
2024-07-19,-0.0004879549877182841
2024-07-22,0.00012219991380307154
2024-07-23,0.0004882346169965678
2024-07-24,0.00048789534675116247
2024-07-25,0.00012216676591454343
2024-07-26,0.0013408436189896245
2024-07-29,0.0001219882758177096
2024-07-30,0.0003649121448810084
2024-07-31,0.0020687606461062963
2024-08-01,0.0017304305381168354
2024-08-02,0.005595612893329696
2024-08-05,-0.00024168201096204115
2024-08-06,-0.001210299800077365
2024-08-07,-0.000605633269161
2024-08-08,-0.00048486024631140594
2024-08-09,0.00024269784728510682
2024-08-12,0.0006060470831645283
2024-08-13,0.001575248016815445
2024-08-14,-0.0001207058687512873
2024-08-15,-0.0024201003427501934
2024-08-16,0.001091622085758896
2024-08-19,-0.0002424625880226681
2024-08-20,0.0014544282805743468
2024-08-21,0.0010889124367201965
2024-08-22,-0.0013298332645855456
2024-08-23,0.0022999162740577235
2024-08-26,-0.00048284581851036536
2024-08-27,0.0006036244988989386
2024-08-28,-0.00012047270740138875
2024-08-29,-0.00012078619856234526
2024-08-30,0.0
2024-09-03,0.0010663759474066055
2024-09-04,0.0021795652737534384
2024-09-05,0.0003622224803060154
2024-09-06,0.0018115490447532362
2024-09-09,0.00012034667773776795
2024-09-10,0.0014461670032465904
2024-09-11,-0.0008426926256378096
2024-09-12,0.0001207550728522586
2024-09-13,0.0014452211081322733
2024-09-16,0.0006011498400098747
2024-09-17,-0.0007208871033267561
2024-09-18,-0.00036065411934565117
2024-09-19,0.0008423906240429347
2024-09-20,0.00036038170206152177
2024-09-23,0.0
2024-09-24,0.0009613635054078797
2024-09-25,-0.0008406690279914942
2024-09-26,-0.0009610506195490641
2024-09-27,0.0015632961333347972
2024-09-30,-0.001440858577493629
2024-10-01,0.0006396242210174169
2024-10-02,-0.00024107720292325136
2024-10-03,-0.0013266892424969243
2024-10-04,-0.0033818643723988943
2024-10-07,-0.001332860239799616
2024-10-08,0.0008493429354143279
2024-10-09,-0.0009700668631579617
2024-10-10,0.0008497446190135879
2024-10-11,0.000848724984280846
2024-10-14,-0.0004847304929245337
2024-10-15,0.0004849655705245855
2024-10-16,0.0006054910500636922
2024-10-17,-0.0008473928625661374
2024-10-18,0.0008481115462370787
2024-10-21,-0.0014526167646425378
2024-10-22,-0.00012145941337290008
2024-10-23,-0.0006061779654210163
2024-10-24,0.000485196725489061
2024-10-25,-0.00036377077688871495
2024-10-28,-0.00048533681131526974
2024-10-29,0.0003642788606917438
2024-10-30,-0.0008494424017377165
2024-10-31,0.00024270506039055406
2024-11-01,-0.00032863726408183805
2024-11-04,0.0007310650372103442
2024-11-05,-0.00024394143296490418
2024-11-06,-0.0012179150436838332
2024-11-07,0.001707399354900546
2024-11-08,-0.0007303532441041854
2024-11-11,-0.000730887049832104
2024-11-12,-0.0009757600913126573
2024-11-13,0.00146496998820586
2024-11-14,-0.001462826990566742
2024-11-15,0.0010986527121786137
2024-11-18,0.0007315317368246602
2024-11-19,0.0
2024-11-20,-0.00048746402365225605
2024-11-21,-0.00024365173713133983
2024-11-22,-0.00012180576094439204
2024-11-25,0.0019506237105120221
2024-11-26,0.0
2024-11-27,0.0006086130779637131
2024-11-29,0.0012162870795180713
2024-12-02,-6.1028251615015924e-05
2024-12-03,0.00012226243055131722
2024-12-04,0.0010966551917425
2024-12-05,0.0
2024-12-06,0.0009735385250960728
2024-12-09,-0.00036519222944607924
2024-12-10,-0.00012134596348348303
2024-12-11,-0.00024311766003115947
2024-12-12,-0.00048694812545781445
2024-12-13,-0.00048708621713556026
2024-12-16,0.00012180609877581895
2024-12-17,0.00012179126385710354
2024-12-18,-0.0018327948097853115
2024-12-19,0.0011015768504340192
2024-12-20,0.0001227589422247989
2024-12-23,-0.0006119332844871588
2024-12-24,0.0004894889447482155
2024-12-26,0.0002449224489982245
2024-12-27,0.0002442671870291941
2024-12-30,0.0014669314529683762
2024-12-31,0.0006104169237720696
2025-01-02,-0.00024409700490203405
2025-01-03,0.0
2025-01-06,0.00024415660279750395
2025-01-07,-0.0006100445422592197
2025-01-08,0.0006104169237720696
2025-01-10,-0.0018299356567817939
2025-01-13,0.00024434617268015424
2025-01-14,0.00024448476669550385
2025-01-15,0.0021985365424308334
2025-01-16,0.0006092275222489198
2025-01-17,-0.00024354263602286179
2025-01-21,0.00036540294523078467
2025-01-22,-0.00024351298312595362
2025-01-23,0.0
2025-01-24,0.0006093261499276449
2025-01-27,0.001460840205894792
2025-01-28,0.0002429702386612902
2025-01-29,-0.0006076232305969116
2025-01-30,0.0006079926610618052
2025-01-31,0.00012160354541892421
2025-02-03,-0.0006950183122730688
2025-02-04,0.0009762483406837311
2025-02-05,0.0006092520543772246
2025-02-06,-0.0003652301309439184
2025-02-07,-0.0010968792017550066
2025-02-10,0.0004879165902395567
2025-02-11,-0.00024379001159186
2025-02-12,-0.0013415666065131875
2025-02-13,0.0013433688252693999
2025-02-14,0.0013415666065131875
2025-02-18,-0.0008526251891192614
2025-02-19,0.0007313888984472727
2025-02-20,0.00012187474291276694
2025-02-21,0.0017053488906809396
2025-02-24,0.0007297178991244663
2025-02-25,0.001336611328147073
2025-02-26,0.00036381180556059893
2025-02-27,0.000363973813114261
2025-02-28,0.0018187165696210488
2025-03-03,0.0006435447391832797
2025-03-04,0.00012140635715382802
2025-03-05,-0.0010919376694628474
2025-03-06,0.0006074257330726713
2025-03-07,-0.0001216462743602047
2025-03-10,0.0018210989078104648
2025-03-11,-0.0006062226088499317
2025-03-12,-0.0007272240969551316
2025-03-13,0.0007277533367182325
2025-03-14,-0.0007272240969551316
2025-03-17,-0.00036382775363020663
2025-03-18,0.0
2025-03-19,0.0014564278801517025
2025-03-20,0.00024245011229808406
2025-03-21,0.0006055387154958705
2025-03-24,-0.0013319062281774766
2025-03-25,0.00036380271509652213
2025-03-26,-0.00024267498792000463
2025-03-27,-0.05481652212513234
2025-03-28,-0.09740985274995426
2025-03-31,0.0007257476561452276
2025-04-01,0.0003639264131825959
2025-04-02,-0.0007271983281453227
2025-04-03,0.0037610955536276887
2025-04-04,-0.0006043615438008649
2025-04-07,0.00012071214333060549
2025-04-08,-0.0006046540284710221
2025-04-09,0.54787896700471
2025-04-10,0.2818153700595519
2025-04-11,0.062305196886230756
2025-04-14,0.023460468988613217
2025-04-15,0.012416439063331461
2025-04-16,-0.11886800935732997
2025-04-17,-0.01498923719593119
2025-04-21,-0.0007929747476463115
2025-04-22,-0.07143905518123884
2025-04-23,-0.08405891155162674
2025-04-24,0.16618078974042202
2025-04-25,0.028333396732388758
2025-04-28,0.020438063730623283
2025-04-29,0.0006025891865414064
2025-04-30,0.001325168896352799
2025-05-01,-0.002063673003442774
2025-05-02,0.09834700200891845
2025-05-05,-0.01640932921192574
2025-05-06,-0.025449032838074412
2025-05-07,0.012621539087400616
2025-05-08,0.019484381534701438
2025-05-09,-0.004497099815999624
2025-05-12,-0.02678107936404814
2025-05-13,-0.00024302790588846498
2025-05-14,-0.0007284824472806323
2025-05-15,0.0019448475854372976
2025-05-16,-0.00024259761395138444
2025-05-19,0.0003640819408940919
2025-05-20,0.00012128408357289693
2025-05-21,-0.0006064440486130835
2025-05-22,0.0006068120461671083
2025-05-23,0.0006065412195870642
2025-05-27,0.0003636847077912335
2025-05-28,-0.0007271049786207838
2025-05-29,0.0010916453622412917
2025-05-30,0.0012110775164332448
2025-06-02,-0.0008254055085640668
2025-06-03,-0.00024289839872334773
2025-06-04,0.0018227627614981973
2025-06-05,-0.0010917065459487682
2025-06-06,-0.0017000446099307077
2025-06-09,0.0007299700387896134
2025-06-10,0.0
2025-06-11,0.0015800922162042869
2025-06-12,0.0008496033472511436
2025-06-13,-0.0007277653971709221
2025-06-16,-0.000121204945743105
2025-06-17,0.00048536304361096927
2025-06-18,0.00048532128297988625
2025-06-20,0.0007273867802244503
2025-06-23,0.0013326053789432099
2025-06-24,0.0008470335470882256
2025-06-25,0.00012094375121378106
2025-06-26,0.0012086156742097938
2025-06-27,-0.00036206025006448836
2025-06-30,0.0007245756304984433
2025-07-01,-0.0010411726195787476
2025-07-02,-0.0001212510913321675
2025-07-03,-0.0010910062649170434
2025-07-07,-0.00024250674909513884
2025-07-08,0.00012133108703380269
2025-07-09,0.000849600930967896
2025-07-10,0.0
2025-07-11,-0.00024281279905252824
2025-07-14,0.00012153241662432177
2025-07-15,-0.0009702108027162428
2025-07-16,0.001335190491202283
2025-07-17,-0.00036355205408357817
2025-07-18,0.0008487896736059132
2025-07-21,0.0006058192789593332
2025-07-22,0.0007267935662433158
2025-07-23,-0.0008472297503710783
2025-07-24,-0.0008477553760655379
2025-07-25,0.000606232502320161
2025-07-28,-0.0001212887381574756
2025-07-29,0.0008479670486600404
2025-07-30,-0.0010893609313761383
2025-07-31,0.0
2025-08-01,0.004984774077361556
2025-08-04,0.00024194192318972545
2025-08-05,-0.0003627771284803841
2025-08-06,0.00036290878348675773
2025-08-07,-0.00048376680290877983
2025-08-08,-0.0002421924609317066
2025-08-11,0.0
2025-08-12,0.0007263693286062196
2025-08-13,0.0013304066817003454
2025-08-14,-0.0010871728456303671
2025-08-15,-0.00036278535893448155
2025-08-18,0.0
2025-08-19,0.00048401730524996603
2025-08-20,0.00036274144677824307
2025-08-21,-0.0008462176344046433
2025-08-22,0.002177789996559869
2025-08-25,-0.00048315700879276817
2025-08-26,0.0008454066017777583
2025-08-27,0.0007241862213377651
2025-08-28,-0.00036202237078264264
2025-08-29,0.0008443869081278339
2025-09-02,-0.0005078299209527164
2025-09-03,0.0007258809113406626
2025-09-04,0.0007250676513160561
2025-09-05,0.0014491801287060684
2025-09-08,0.0006029433209435252
2025-09-09,-0.0008436310620553506
2025-09-10,0.00012057959865691117
2025-09-11,0.0003620767179138124
2025-09-12,-0.00012071212142304526
2025-09-15,0.00036170328010424075
2025-09-16,0.0004820648887747516
2025-09-17,-0.00048183261418918445
2025-09-18,-0.00036157249814566594
2025-09-19,0.00036170328010424075
2025-09-22,-0.0004821602150331607
2025-09-23,0.0003617469181174931
2025-09-24,-0.0004822183646447944
2025-09-25,-0.000844050810542499
2025-09-26,0.0006035254785221014
2025-09-29,0.0003617823850332001
2025-09-30,0.0004823928056520643
2025-10-01,0.0011607878486474491
2025-10-02,0.00024156231498392855
2025-10-03,-0.00036220836871726737
2025-10-06,-0.00024168671041151685
2025-10-07,0.00048329977349490313
2025-10-08,-0.0001207189747950586
2025-10-09,-0.00012073354962539274
2025-10-10,0.0016909499278082367
2025-10-13,0.0019294692295955254
2025-10-14,-0.0007222524636712799
2025-10-15,-0.00048169140624740363
2025-10-16,0.0013255034927819765
2025-10-17,-0.00012029768173654447
2025-10-20,0.00012031215500987689
2025-10-21,0.00024069023546184016
2025-10-22,0.0
2025-10-23,-0.0007219918019974475
2025-10-24,0.0006021578207809752
2025-10-27,-0.0002406612616379688
2025-10-28,0.00012031215500987689
2025-10-29,-0.0019254270117059701
2025-10-30,0.00012062480798887932
2025-10-31,0.00036154564756161507
2025-11-03,3.6293512667623536e-05
2025-11-04,0.00036263693772154744
2025-11-05,-0.0007249159883815901
2025-11-06,0.0012092915484643737
2025-11-07,0.0004832652670674228
2025-11-10,-0.00024165823661785493
2025-11-11,0.0008452016018401973
2025-11-12,-0.00036174726108015743
2025-11-13,-0.0006035729469555849
2025-11-14,0.0003624763771041355
2025-11-17,-0.000120876558088397
2025-11-18,0.0006037916177819715
2025-11-19,-0.00012072338819814606
2025-11-20,0.0008445966773443414
2025-11-21,0.0012059816919356443
2025-11-24,0.00012049076560854698
2025-11-25,0.0006020973277743277
2025-11-26,-0.00012040375455415616
2025-11-28,0.0
2025-12-01,-0.0008572114783852073
2025-12-02,0.0006042173080518915
2025-12-03,0.0006037578318915276
2025-12-04,-0.0007238641998610332
2025-12-05,-0.00036262011199775766
2025-12-08,-0.00024158199858174707
2025-12-09,-0.00048347012242702
2025-12-10,0.0016927744610362046
2025-12-11,0.00012067435401391652
2025-12-12,0.00012065979347128391
2025-12-15,0.000603509830884878
2025-12-16,0.00048228987908452236
2025-12-17,0.00012070324088201769
2025-12-18,0.0007230932488097103
2025-12-19,-0.00018127967027294623
2025-12-22,-0.0004833427953749729
2025-12-23,-0.00048348209850872215
2025-12-24,0.0006047394339238322
2025-12-26,0.0007252298504644218
2025-12-29,0.00048297893177778704
2025-12-30,0.00024151434492416724
2025-12-31,-0.0003620426218447844
2026-01-02,0.0004828983255689193
2026-01-05,0.00036218747660911825
2026-01-06,0.000120622623828547
2026-01-07,-0.00012060807576599319
2026-01-08,-0.0003620563443353731
2026-01-09,-0.0003620932060529993
2026-01-12,0.0
2026-01-13,0.00024151434492416724
2026-01-14,0.000241456029829295
2026-01-15,-0.0007240989694927358
2026-01-16,-0.0002413840104552574
2026-01-20,0.00012086267075744192
2026-01-21,0.0004828262258602217
2026-01-22,-0.00036208635288049594
2026-01-23,0.00036221750689651756
2026-01-26,0.0003622749395226212
2026-01-27,0.00024139774288868735
2026-01-28,0.0
2026-01-29,0.00036196210791050704
2026-01-30,0.0008440528516504577
2026-02-02,-0.0004835092474320219
2026-02-03,-0.00012081807491134985
2026-02-04,0.0004838957734840373
2026-02-05,0.001571194620943532
2026-02-06,0.0
2026-02-09,0.00024145149851247455
2026-02-10,0.000603248124692327
2026-02-11,-0.0009647090044922404
2026-02-12,0.0009656405666419828
2026-02-13,0.0015675934402792726
2026-02-17,-0.0003612582626224743
2026-02-18,-0.000602064577827422
2026-02-19,0.0
2026-02-20,0.00012050422571905548
2026-02-23,0.0008434279434021188
2026-02-24,0.0
2026-02-25,-0.00024087009516665886
2026-02-26,0.0003613452998992491
2026-02-27,0.0013242041837539787
2026-03-02,-0.0017721338137044328
2026-03-03,-0.00012061548412063386
2026-03-04,-0.0006039943924856682
2026-03-05,-0.0007248746416455546
2026-03-06,0.0004837255470865492
2026-03-09,0.0004833977879364228
2026-03-10,-0.0006039318251427816
2026-03-11,-0.0009672879768977604
2026-03-12,-0.0016940639810137015
2026-03-13,0.0006060966088621718
2026-03-16,0.0012114589565589975
2026-03-17,0.0001209429263094844
2026-03-18,-0.001814770165757277
2026-03-19,-0.0002422963138955336
2026-03-20,-0.002182136870900843
2026-03-23,-0.03615347253730449
2026-03-24,0.060374397498089635
2026-03-25,0.01592352388250423
2026-03-26,-0.0021846143840319647
2026-03-27,-0.004867503234149075
2026-03-30,-0.05797103216256022
2026-03-31,0.0008484222800661528
2026-04-01,-3.6308631267130784e-05
2026-04-02,0.0004859512948118632
2026-04-06,-0.000971524543241022
2026-04-07,0.000729187293092635
2026-04-08,0.0009716666810868071
2026-04-09,0.00024268086536069348
2026-04-10,-0.0003638860133168755
2026-04-13,0.0007280369490967051
2026-04-14,0.0007274134007632817
2026-04-15,-0.0002422636090784863
2026-04-16,-0.00036348347243560204
2026-04-17,0.0019397528408821524
2026-04-20,-0.00048388224232755227
2026-04-21,-0.00145281823487975
2026-04-22,0.0004848208542817596
2026-04-23,-0.0004845859169235438
2026-04-24,0.0010910346916360046
2026-04-27,-0.00024214623719565022
2026-04-28,-0.0006056998257850835
2026-04-29,-0.0013332158181119677
2026-04-30,0.0010923204384319723
2026-05-01,0.00015810192072240184
2026-05-04,-0.0012158030744460666
2026-05-05,0.0004869320172039914
2026-05-06,0.0013383408781552746
2026-05-07,-0.0008506013921643917
2026-05-08,0.0008513255308461145
2026-05-11,-0.0009720890730790147
2026-05-12,-0.0007296353560446814
2026-05-13,0.0003650840562577146
2026-05-14,-0.0003649508185325501
2026-05-15,-0.001217134799652489
2026-05-18,0.00048727785177739747
2026-05-19,-0.0007307958951295195
2026-05-20,0.0013408821005320897
2026-05-21,-0.00012180349243319299
2026-05-22,-0.00024344866941202823
2026-05-26,0.0010959738169720905
2026-05-27,0.00012162068246577247
2026-05-28,0.00048661137902490854
2026-05-29,0.00048618698657645237
2026-06-01,-0.0005728214514785239
2026-06-02,0.0
2026-06-03,-0.0004876372459487389
2026-06-04,0.0007318596842888987
2026-06-05,-0.0020723518533064303
2026-06-08,0.0004886248032946628
2026-06-09,0.0004884801584190875
2026-06-10,0.0
2026-06-11,0.0018304599852747743
2026-06-12,-0.00024353413130381347
2026-06-15,0.00048737450528579975
2026-06-16,0.0002434747912182571
2026-06-17,-0.003043865689742777
2026-06-18,0.0013433900022225306
2026-06-22,-0.0009757001648606543
2026-06-23,0.0007325837953216325
2026-06-24,0.0012199226612232509
2026-06-25,0.00024359345462417667
2026-06-26,0.0012182333075732926
2026-06-29,-0.0002433314719755762
2026-06-30,-0.0007301720897761293
2026-07-01,-0.0003908534480511798
2026-07-02,0.0012219766722411712
2026-07-06,0.0004881379023765412
2026-07-07,-0.0014637928488747643
2026-07-08,-0.0002443543685938438
2026-07-09,0.0008553555338736266
2026-07-10,-0.00036630781495092517
2026-07-13,-0.0010991386502708616
2026-07-14,0.001711663004626905
2026-07-15,0.0008544159532949258
2026-07-16,0.0
2026-07-17,-0.00012196859369556227
2026-07-20,-0.00036585679814450314
2026-07-21,-0.0008541031649860407
2026-07-22,-0.0007326071187178776
2026-07-23,-0.0007333318262729587
2026-07-24,0.000978399459388068
2026-07-27,0.00024438422677055714
2026-07-28,0.0008550420573811974
2026-07-29,0.0006101021220837483
2026-07-30,0.00024396694369615537
2026-07-31,-0.00012195371917193892
2026-08-03,0.00025685481281705514
2026-08-04,0.001223022431030575
2026-08-05,0.00036639311494995137
2026-08-06,-0.0012209876452083477
2026-08-07,0.0014669202056588264
2026-08-10,-0.0007323390460760825
2026-08-11,0.00012217711961878496
2026-08-12,0.0006106240357061307
2026-08-13,0.0013427772687938375
2026-08-14,-0.0003656784982628872
2026-08-17,0.0
2026-08-18,0.00024384373881041396
2026-08-19,0.0004877551804862102
2026-08-20,-0.00048751739135300065
2026-08-21,-0.00024378429353681468
2026-08-24,0.0
2026-08-25,0.0009756549136099802
2026-08-26,-0.0003654557092852041
2026-08-27,-0.00012189419285619824
2026-08-28,-0.0018284492450266563
2026-08-31,0.0
2026-09-01,-0.0006858848999168715
2026-09-02,0.000612857629637997
2026-09-03,0.0008574191002884106
2026-09-04,-0.0002447270014742444
2026-09-08,-0.0003672270583954531
2026-09-09,-0.0003674553924289054
2026-09-10,0.0
